timestamp(ms),GPS[0].Lat,GPS[0].Lng,ATT.Roll
1064932.552,NaN,NaN,4.01
1065032.552,398171477,301204346,3.15
1065132.552,398171477,301204346,1.24
1065232.552,398171471,301204330,0.73
1065332.552,398171471,301204330,2.43
1065432.552,398171466,301204321,4.01
1065532.552,398171466,301204321,3.68
1065632.552,398171466,301204319,2.24
1065732.552,398171466,301204319,2.08
1065832.552,398171470,301204320,2.63
1065932.552,398171470,301204320,2.59
1066032.552,398171472,301204322,2.61
1066132.552,398171472,301204322,2.95
1066232.552,398171475,301204323,2.98
1066332.552,398171475,301204323,2.39
1066432.552,398171477,301204323,1.9
1066532.552,398171477,301204323,1.64
1066632.552,398171478,301204320,1.83
1066732.552,398171478,301204320,2.14
1066832.552,398171479,301204318,2.18
1066932.552,398171479,301204318,2.22
1067032.552,398171481,301204315,2.26
1067132.552,398171481,301204315,2.27
1067232.552,398171482,301204312,2.24
1067332.552,398171482,301204312,2.21
1067432.552,398171483,301204312,2.23
1067532.552,398171483,301204312,2.23
1067632.552,398171483,301204313,2.22
1067732.552,398171483,301204313,2.22
1067832.552,398171482,301204313,2.21
1067932.552,398171482,301204313,2.19
1068032.552,398171482,301204311,2.2
1068132.552,398171482,301204311,2.19
1068232.552,398171483,301204309,2.18
1068332.552,398171483,301204309,2.17
1068432.552,398171483,301204306,2.16
1068532.552,398171483,301204306,2.19
1068632.552,398171482,301204304,2.18
1068732.552,398171482,301204304,2.16
1068832.552,398171482,301204304,2.16
1068932.552,398171481,301204302,2.16
1069032.552,398171480,301204300,2.15
1069132.552,398171480,301204300,2.17
1069232.552,398171480,301204300,2.16
1069332.552,398171481,301204299,2.1
1069432.552,398171481,301204297,2.1
1069532.552,398171481,301204297,2.04
1069632.552,398171482,301204294,2.04
1069732.552,398171482,301204294,2.1
1069832.552,398171483,301204293,2.06
1069932.552,398171483,301204293,2.1
1070032.552,398171484,301204292,2.16
1070132.552,398171484,301204292,2.1
1070232.552,398171487,301204294,2.09
1070332.552,398171487,301204294,2.12
1070432.552,398171490,301204297,2.11
1070532.552,398171490,301204297,2.15
1070632.552,398171490,301204297,2.12
1070732.552,398171490,301204297,2.07
1070832.552,398171491,301204298,2.11
1070932.552,398171491,301204298,2.07
1071032.552,398171493,301204300,2.03
1071132.552,398171493,301204300,2.15
1071232.552,398171495,301204302,2.01
1071332.552,398171495,301204302,2.01
1071432.552,398171495,301204304,2.12
1071532.552,398171495,301204304,2.08
1071632.552,398171497,301204305,1.96
1071732.552,398171497,301204305,2.05
1071832.552,398171497,301204306,2.09
1071932.552,398171497,301204306,1.85
1072032.552,398171498,301204307,2.03
1072132.552,398171498,301204307,2
1072232.552,398171499,301204308,1.92
1072332.552,398171499,301204308,1.99
1072432.552,398171500,301204308,1.99
1072532.552,398171500,301204308,1.9
1072632.552,398171501,301204309,1.95
1072732.552,398171501,301204309,1.93
1072832.552,398171501,301204311,1.89
1072932.552,398171501,301204311,1.93
1073032.552,398171501,301204312,1.89
1073132.552,398171501,301204312,1.86
1073232.552,398171502,301204313,1.89
1073332.552,398171502,301204313,1.85
1073432.552,398171502,301204314,1.83
1073532.552,398171502,301204314,1.86
1073632.552,398171503,301204315,1.84
1073732.552,398171503,301204315,1.81
1073832.552,398171504,301204316,1.81
1073932.552,398171504,301204316,1.79
1074032.552,398171505,301204316,1.78
1074132.552,398171505,301204316,1.76
1074232.552,398171505,301204316,1.74
1074332.552,398171505,301204316,1.75
1074432.552,398171505,301204315,1.75
1074532.552,398171505,301204315,1.74
1074632.552,398171506,301204314,1.74
1074732.552,398171506,301204314,1.73
1074832.552,398171506,301204313,1.72
1074932.552,398171506,301204313,1.72
1075032.552,398171507,301204313,1.7
1075132.552,398171507,301204313,1.69
1075232.552,398171507,301204312,1.69
1075332.552,398171507,301204312,1.67
1075432.552,398171508,301204312,1.67
1075532.552,398171508,301204313,1.65
1075632.552,398171508,301204313,1.64
1075732.552,398171508,301204313,1.64
1075832.552,398171508,301204314,1.63
1075932.552,398171508,301204314,1.61
1076032.552,398171508,301204315,1.61
1076132.552,398171508,301204315,1.61
1076232.552,398171508,301204315,1.61
1076332.552,398171508,301204315,1.59
1076432.552,398171508,301204315,1.59
1076532.552,398171508,301204315,1.58
1076632.552,398171508,301204316,1.59
1076732.552,398171508,301204316,1.57
1076832.552,398171508,301204318,1.56
1076932.552,398171508,301204318,1.56
1077032.552,398171509,301204318,1.55
1077132.552,398171509,301204318,1.55
1077232.552,398171510,301204319,1.56
1077332.552,398171510,301204319,1.55
1077432.552,398171509,301204319,1.55
1077532.552,398171509,301204319,1.57
1077632.552,398171509,301204318,1.56
1077732.552,398171509,301204318,1.56
1077832.552,398171509,301204319,1.57
1077932.552,398171509,301204319,1.58
1078032.552,398171509,301204319,1.58
1078132.552,398171509,301204319,1.57
1078232.552,398171508,301204320,1.57
1078332.552,398171508,301204320,1.58
1078432.552,398171507,301204320,1.59
1078532.552,398171507,301204320,1.57
1078632.552,398171508,301204319,1.58
1078732.552,398171508,301204319,1.58
1078832.552,398171510,301204317,1.57
1078932.552,398171510,301204316,1.58
1079032.552,398171510,301204316,1.58
1079132.552,398171510,301204316,1.58
1079232.552,398171510,301204315,1.57
1079332.552,398171510,301204315,1.57
1079432.552,398171511,301204314,1.57
1079532.552,398171511,301204314,1.58
1079632.552,398171511,301204312,1.57
1079732.552,398171511,301204312,1.57
1079832.552,398171512,301204311,1.57
1079932.552,398171512,301204311,1.57
1080032.552,398171513,301204311,1.56
1080132.552,398171513,301204311,1.56
1080232.552,398171514,301204312,1.56
1080332.552,398171514,301204312,1.59
1080432.552,398171515,301204311,1.59
1080532.552,398171515,301204311,1.57
1080632.552,398171515,301204311,1.57
1080732.552,398171515,301204311,1.59
1080832.552,398171516,301204311,1.58
1080932.552,398171516,301204310,1.58
1081032.552,398171516,301204310,1.6
1081132.552,398171516,301204310,1.58
1081232.552,398171516,301204309,1.57
1081332.552,398171516,301204309,1.6
1081432.552,398171517,301204309,1.6
1081532.552,398171517,301204309,1.58
1081632.552,398171517,301204308,1.59
1081732.552,398171517,301204308,1.62
1081832.552,398171517,301204307,1.63
1081932.552,398171517,301204307,1.62
1082032.552,398171517,301204307,1.64
1082132.552,398171517,301204307,1.66
1082232.552,398171516,301204307,1.65
1082332.552,398171516,301204307,1.67
1082432.552,398171516,301204306,1.66
1082532.552,398171516,301204306,1.62
1082632.552,398171517,301204307,1.63
1082732.552,398171517,301204307,1.67
1082832.552,398171517,301204306,1.64
1082932.552,398171517,301204306,1.64
1083032.552,398171517,301204305,1.66
1083132.552,398171517,301204305,1.67
1083232.552,398171518,301204303,1.68
1083332.552,398171518,301204303,1.67
1083432.552,398171519,301204303,1.66
1083532.552,398171519,301204303,1.7
1083632.552,398171518,301204302,1.67
1083732.552,398171518,301204302,1.67
1083832.552,398171519,301204301,1.71
1083932.552,398171519,301204299,1.7
1084032.552,398171519,301204299,1.68
1084132.552,398171519,301204299,1.7
1084232.552,398171519,301204298,1.66
1084332.552,398171519,301204297,1.64
1084432.552,398171519,301204297,1.68
1084532.552,398171520,301204295,1.67
1084632.552,398171520,301204295,1.69
1084732.552,398171520,301204295,1.68
1084832.552,398171521,301204293,1.68
1084932.552,398171521,301204293,1.72
1085032.552,398171522,301204290,1.7
1085132.552,398171522,301204290,1.69
1085232.552,398171524,301204288,1.71
1085332.552,398171525,301204286,1.7
1085432.552,398171525,301204286,1.68
1085532.552,398171525,301204286,1.71
1085632.552,398171526,301204284,1.7
1085732.552,398171526,301204284,1.69
1085832.552,398171526,301204282,1.71
1085932.552,398171526,301204282,1.7
1086032.552,398171527,301204280,1.74
1086132.552,398171527,301204280,1.72
1086232.552,398171528,301204279,1.7
1086332.552,398171529,301204278,1.73
1086432.552,398171529,301204278,1.72
1086532.552,398171529,301204278,1.71
1086632.552,398171530,301204276,1.75
1086732.552,398171530,301204276,1.74
1086832.552,398171531,301204274,1.73
1086932.552,398171531,301204274,1.73
1087032.552,398171532,301204272,1.77
1087132.552,398171532,301204272,1.78
1087232.552,398171532,301204270,1.76
1087332.552,398171532,301204270,1.76
1087432.552,398171533,301204269,1.75
1087532.552,398171533,301204269,1.74
1087632.552,398171533,301204268,1.75
1087732.552,398171533,301204268,1.8
1087832.552,398171534,301204266,1.84
1087932.552,398171534,301204266,1.78
1088032.552,398171535,301204265,1.76
1088132.552,398171535,301204265,1.8
1088232.552,398171536,301204264,1.79
1088332.552,398171536,301204264,1.82
1088432.552,398171537,301204262,1.82
1088532.552,398171537,301204262,1.8
1088632.552,398171538,301204261,1.76
1088732.552,398171538,301204261,1.77
1088832.552,398171539,301204259,1.79
1088932.552,398171539,301204259,1.77
1089032.552,398171539,301204259,1.78
1089132.552,398171539,301204259,1.83
1089232.552,398171539,301204258,1.8
1089332.552,398171539,301204258,1.82
1089432.552,398171540,301204257,1.85
1089532.552,398171540,301204257,1.81
1089632.552,398171541,301204256,1.8
1089732.552,398171541,301204256,1.84
1089832.552,398171541,301204254,1.84
1089932.552,398171541,301204254,1.86
1090032.552,398171542,301204253,1.87
1090132.552,398171542,301204253,1.87
1090232.552,398171542,301204253,1.82
1090332.552,398171542,301204252,1.82
1090432.552,398171542,301204252,1.82
1090532.552,398171542,301204252,1.86
1090632.552,398171542,301204251,1.87
1090732.552,398171542,301204251,1.8
1090832.552,398171543,301204250,1.79
1090932.552,398171543,301204250,1.86
1091032.552,398171543,301204250,1.88
1091132.552,398171543,301204250,1.83
1091232.552,398171544,301204249,1.82
1091332.552,398171544,301204249,1.87
1091432.552,398171545,301204248,1.92
1091532.552,398171545,301204248,1.92
1091632.552,398171545,301204247,1.85
1091732.552,398171545,301204247,1.88
1091832.552,398171545,301204246,1.93
1091932.552,398171545,301204246,1.89
1092032.552,398171546,301204245,1.84
1092132.552,398171546,301204245,1.86
1092232.552,398171546,301204243,1.93
1092332.552,398171546,301204243,1.99
1092432.552,398171547,301204242,1.97
1092532.552,398171547,301204242,1.88
1092632.552,398171548,301204241,1.85
1092732.552,398171548,301204241,1.92
1092832.552,398171548,301204241,1.9
1092932.552,398171548,301204241,1.91
1093032.552,398171549,301204240,1.92
1093132.552,398171549,301204240,1.86
1093232.552,398171550,301204239,1.91
1093332.552,398171550,301204239,1.89
1093432.552,398171550,301204237,1.87
1093532.552,398171550,301204237,1.92
1093632.552,398171551,301204236,1.91
1093732.552,398171551,301204236,1.87
1093832.552,398171552,301204235,1.89
1093932.552,398171552,301204235,1.87
1094032.552,398171553,301204234,1.87
1094132.552,398171553,301204234,1.85
1094232.552,398171553,301204234,1.86
1094332.552,398171553,301204234,1.92
1094432.552,398171554,301204233,1.9
1094532.552,398171554,301204233,1.89
1094632.552,398171554,301204232,1.92
1094732.552,398171554,301204232,1.88
1094832.552,398171555,301204231,1.88
1094932.552,398171555,301204231,1.91
1095032.552,398171555,301204231,1.91
1095132.552,398171555,301204231,1.89
1095232.552,398171555,301204230,1.88
1095332.552,398171555,301204230,1.96
1095432.552,398171555,301204230,1.84
1095532.552,398171555,301204230,1.78
1095632.552,398171555,301204230,1.87
1095732.552,398171555,301204230,1.87
1095832.552,398171555,301204229,1.85
1095932.552,398171555,301204229,2.01
1096032.552,398171555,301204229,1.97
1096132.552,398171555,301204229,1.88
1096232.552,398171555,301204228,1.9
1096332.552,398171555,301204228,1.92
1096432.552,398171555,301204228,1.91
1096532.552,398171556,301204227,1.89
1096632.552,398171556,301204227,1.87
1096732.552,398171556,301204227,1.9
1096832.552,398171557,301204227,1.89
1096932.552,398171557,301204227,1.87
1097032.552,398171556,301204227,1.91
1097132.552,398171556,301204227,1.92
1097232.552,398171556,301204226,1.91
1097332.552,398171556,301204226,1.91
1097432.552,398171555,301204226,1.9
1097532.552,398171555,301204226,1.9
1097632.552,398171556,301204226,1.88
1097732.552,398171556,301204226,1.89
1097832.552,398171556,301204225,1.9
1097932.552,398171556,301204225,1.91
1098032.552,398171555,301204225,1.89
1098132.552,398171555,301204225,1.88
1098232.552,398171555,301204224,1.89
1098332.552,398171555,301204224,1.9
1098432.552,398171556,301204224,1.88
1098532.552,398171556,301204223,1.86
1098632.552,398171556,301204223,1.87
1098732.552,398171556,301204223,1.84
1098832.552,398171556,301204223,1.8
1098932.552,398171557,301204223,1.85
1099032.552,398171557,301204223,1.89
1099132.552,398171557,301204223,1.84
1099232.552,398171558,301204223,1.87
1099332.552,398171557,301204223,1.86
1099432.552,398171557,301204223,1.87
1099532.552,398171557,301204222,1.89
1099632.552,398171557,301204222,1.88
1099732.552,398171557,301204222,1.87
1099832.552,398171557,301204222,1.87
1099932.552,398171557,301204221,1.89
1100032.552,398171557,301204221,1.88
1100132.552,398171557,301204221,1.86
1100232.552,398171558,301204220,1.89
1100332.552,398171558,301204220,1.87
1100432.552,398171559,301204221,1.87
1100532.552,398171559,301204221,1.87
1100632.552,398171559,301204221,1.88
1100732.552,398171559,301204221,1.88
1100832.552,398171560,301204220,1.86
1100932.552,398171560,301204220,1.9
1101032.552,398171560,301204220,1.88
1101132.552,398171560,301204220,1.89
1101232.552,398171561,301204220,1.87
1101332.552,398171561,301204220,1.86
1101432.552,398171562,301204220,1.9
1101532.552,398171563,301204220,1.88
1101632.552,398171563,301204220,1.87
1101732.552,398171563,301204220,1.81
1101832.552,398171563,301204220,1.68
1101932.552,398171564,301204220,1.73
1102032.552,398171564,301204220,1.69
1102132.552,398171564,301204220,1.44
1102232.552,398171565,301204221,1.38
1102332.552,398171567,301204221,1.26
1102432.552,398171567,301204221,1.16
1102532.552,398171568,301204222,1.08
1102632.552,398171568,301204222,1.11
1102732.552,398171568,301204222,1.22
1102832.552,398171567,301204221,1.16
1102932.552,398171568,301204221,0.97
1103032.552,398171568,301204221,1.02
1103132.552,398171568,301204221,1.02
1103232.552,398171568,301204222,0.99
1103332.552,398171568,301204222,1.07
1103432.552,398171570,301204225,1.03
1103532.552,398171570,301204225,0.82
1103632.552,398171575,301204234,1.09
1103732.552,398171575,301204234,2.3
1103832.552,398171583,301204250,2.97
1103932.552,398171597,301204276,2.74
1104032.552,398171597,301204276,2.2
1104132.552,398171597,301204276,1.77
1104232.552,398171620,301204316,1.05
1104332.552,398171620,301204316,1.56
1104432.552,398171649,301204373,2.3
1104532.552,398171684,301204447,1.25
1104632.552,398171684,301204447,1.8400000000000003
1104732.552,398171684,301204447,3.32
1104832.552,398171722,301204541,3.23
1104932.552,398171765,301204653,2.19
1105032.552,398171765,301204653,1.27
1105132.552,398171765,301204653,1.89
1105232.552,398171812,301204789,2.49
1105332.552,398171858,301204946,2.64
1105432.552,398171858,301204946,-0.49
1105532.552,398171904,301205124,-0.06000000000000005
1105632.552,398171904,301205124,1.24
1105732.552,398171904,301205124,0.050000000000000044
1105832.552,398171948,301205321,-0.6600000000000001
1105932.552,398171990,301205535,-1.09
1106032.552,398171990,301205535,-2.11
1106132.552,398171990,301205535,-3.8
1106232.552,398172037,301205768,-3.13
1106332.552,398172037,301205768,-1.3600000000000003
1106432.552,398172095,301206009,-0.53
1106532.552,398172095,301206009,-3.72
1106632.552,398172170,301206257,-7.22
1106732.552,398172170,301206257,-12.85
1106832.552,398172264,301206506,-16.46
1106932.552,398172264,301206506,-17.96
1107032.552,398172378,301206741,-17.73
1107132.552,398172378,301206741,-15.66
1107232.552,398172509,301206962,-10.98
1107332.552,398172645,301207186,-1.46
1107432.552,398172645,301207186,4.58
1107532.552,398172645,301207186,10.29
1107632.552,398172786,301207427,12.51
1107732.552,398172786,301207427,12.34
1107832.552,398172935,301207681,11.01
1107932.552,398172935,301207681,8.48
1108032.552,398173094,301207947,5.93
1108132.552,398173094,301207947,2.16
1108232.552,398173262,301208232,-0.2500000000000001
1108332.552,398173444,301208528,-2.74
1108432.552,398173444,301208528,-3.54
1108532.552,398173444,301208528,-4.23
1108632.552,398173638,301208824,-3.73
1108732.552,398173638,301208824,-1.86
1108832.552,398173836,301209111,-0.77
1108932.552,398174034,301209392,-1.1
1109032.552,398174034,301209392,-1.86
1109132.552,398174034,301209392,-3.2
1109232.552,398174236,301209680,-4.75
1109332.552,398174443,301209979,-6.47
1109432.552,398174443,301209979,-7.52
1109532.552,398174661,301210280,-8.12
1109632.552,398174661,301210280,-9.5
1109732.552,398174661,301210280,-9.75
1109832.552,398174890,301210580,-10.2
1109932.552,398175130,301210867,-10.77
1110032.552,398175130,301210867,-10.91
1110132.552,398175130,301210867,-10.97
1110232.552,398175376,301211134,-10.67
1110332.552,398175623,301211374,-11.38
1110432.552,398175623,301211374,-12.14
1110532.552,398175868,301211582,-15.02
1110632.552,398175868,301211582,-16.07
1110732.552,398175868,301211582,-17.03
1110832.552,398176113,301211763,-17.34
1110932.552,398176363,301211931,-17.87
1111032.552,398176363,301211931,-18.2
1111132.552,398176363,301211931,-19.54
1111232.552,398176619,301212099,-20.64
1111332.552,398176883,301212272,-21.3
1111432.552,398176883,301212272,-19.05
1111532.552,398176883,301212272,-16.39
1111632.552,398177149,301212465,-15.9
1111732.552,398177149,301212465,-14.98
1111832.552,398177410,301212680,-13.34
1111932.552,398177410,301212680,-9.24
1112032.552,398177673,301212904,-6.32
1112132.552,398177673,301212904,-2.4799999999999995
1112232.552,398177945,301213137,0.94
1112332.552,398177945,301213137,6.58
1112432.552,398178233,301213386,6.82
1112532.552,398178233,301213386,5.69
1112632.552,398178535,301213650,5.11
1112732.552,398178535,301213650,3.51
1112832.552,398178847,301213924,2.34
1112932.552,398178847,301213924,-0.47
1113032.552,398179167,301214203,-2.6
1113132.552,398179167,301214203,-2.45
1113232.552,398179493,301214488,-1.27
1113332.552,398179493,301214488,-0.35
1113432.552,398179825,301214777,1.14
1113532.552,398179825,301214777,1.17
1113632.552,398180163,301215067,0.87
1113732.552,398180163,301215067,-0.03
1113832.552,398180505,301215356,-0.7
1113932.552,398180848,301215645,-1.46
1114032.552,398180848,301215645,-1.73
1114132.552,398180848,301215645,-1.44
1114232.552,398181195,301215929,-1.51
1114332.552,398181543,301216212,-0.78
1114432.552,398181543,301216212,0.65
1114532.552,398181892,301216489,-0.24
1114632.552,398181892,301216489,-0.2
1114732.552,398181892,301216489,-0.8300000000000001
1114832.552,398182241,301216764,0.33999999999999997
1114932.552,398182241,301216764,0.9
1115032.552,398182589,301217037,1.33
1115132.552,398182589,301217037,2.18
1115232.552,398182936,301217307,1.53
1115332.552,398182936,301217307,0.33000000000000007
1115432.552,398183280,301217573,-0.85
1115532.552,398183280,301217573,-4.29
1115632.552,398183615,301217818,-5.15
1115732.552,398183615,301217818,-7.21
1115832.552,398183938,301218034,-8.23
1115932.552,398183938,301218034,-9.26
1116032.552,398184251,301218224,-11.28
1116132.552,398184251,301218224,-13.76
1116232.552,398184558,301218398,-16.44
1116332.552,398184558,301218398,-19.69
1116432.552,398184864,301218568,-21.92
1116532.552,398185170,301218715,-24.79
1116632.552,398185170,301218715,-26.96
1116732.552,398185170,301218715,-31.59
1116832.552,398185472,301218812,-35.66
1116932.552,398185763,301218841,-43.43
1117032.552,398185763,301218841,-49.05
1117132.552,398185763,301218841,-56.08
1117232.552,398186035,301218783,-58.81
1117332.552,398186286,301218657,-61.44
1117432.552,398186286,301218657,-60.96
1117532.552,398186534,301218509,-56.89
1117632.552,398186534,301218509,-52.33
1117732.552,398186534,301218509,-44.91
1117832.552,398186794,301218377,-41.26
1117932.552,398187070,301218267,-37.66
1118032.552,398187070,301218267,-34.44
1118132.552,398187070,301218267,-29.53
1118232.552,398187356,301218168,-27.29
1118332.552,398187356,301218168,-25.63
1118432.552,398187646,301218076,-25.21
1118532.552,398187646,301218076,-25.66
1118632.552,398187942,301217974,-25.67
1118732.552,398187942,301217974,-24.5
1118832.552,398188247,301217839,-23.79
1118932.552,398188247,301217839,-23.93
1119032.552,398188552,301217650,-25.54
1119132.552,398188552,301217650,-29.36
1119232.552,398188840,301217400,-29.34
1119332.552,398188840,301217400,-27.55
1119432.552,398189110,301217113,-26.85
1119532.552,398189110,301217113,-26.76
1119632.552,398189365,301216808,-26.55
1119732.552,398189365,301216808,-26.07
1119832.552,398189610,301216487,-26.04
1119932.552,398189610,301216487,-27.04
1120032.552,398189848,301216153,-28.18
1120132.552,398189848,301216153,-29.53
1120232.552,398190083,301215809,-29.43
1120332.552,398190083,301215809,-28.68
1120432.552,398190319,301215456,-28.88
1120532.552,398190557,301215092,-29.15
1120632.552,398190557,301215092,-29.67
1120732.552,398190557,301215092,-31.02
1120832.552,398190794,301214721,-31.01
1120932.552,398191029,301214348,-29.97
1121032.552,398191029,301214348,-29.21
1121132.552,398191029,301214348,-29.03
1121232.552,398191262,301213971,-30.56
1121332.552,398191486,301213576,-33.06
1121432.552,398191486,301213576,-32.5
1121532.552,398191700,301213142,-29.17
1121632.552,398191700,301213142,-26.7
1121732.552,398191700,301213142,-23.77
1121832.552,398191889,301212654,-22.43
1121932.552,398192042,301212118,-22.11
1122032.552,398192042,301212118,-21.54
1122132.552,398192150,301211564,-21.61
1122232.552,398192150,301211564,-21.71
1122332.552,398192216,301211008,-22.34
1122432.552,398192216,301211008,-21.65
1122532.552,398192269,301210449,-19.8
1122632.552,398192269,301210449,-18.64
1122732.552,398192269,301210449,-17.02
1122832.552,398192320,301209883,-16.06
1122932.552,398192369,301209313,-15.98
1123032.552,398192369,301209313,-15.64
1123132.552,398192369,301209313,-18.44
1123232.552,398192416,301208737,-19.04
1123332.552,398192450,301208153,-18.58
1123432.552,398192450,301208153,-18.25
1123532.552,398192465,301207562,-18.59
1123632.552,398192465,301207562,-20.35
1123732.552,398192465,301207562,-22.05
1123832.552,398192465,301206966,-22.78
1123932.552,398192445,301206368,-24.11
1124032.552,398192445,301206368,-25.27
1124132.552,398192445,301206368,-28.75
1124232.552,398192403,301205770,-32.14
1124332.552,398192338,301205176,-34.91
1124432.552,398192338,301205176,-34.71
1124532.552,398192245,301204587,-33.33
1124632.552,398192245,301204587,-35.24
1124732.552,398192245,301204587,-37.29
1124832.552,398192120,301204009,-36.88
1124932.552,398191973,301203436,-32.75
1125032.552,398191973,301203436,-31.4
1125132.552,398191812,301202868,-30.31
1125232.552,398191812,301202868,-30.49
1125332.552,398191638,301202302,-29.28
1125432.552,398191638,301202302,-28.21
1125532.552,398191445,301201745,-29.73
1125632.552,398191445,301201745,-31.08
1125732.552,398191445,301201745,-32.41
1125832.552,398191231,301201198,-33.41
1125932.552,398190996,301200666,-36.83
1126032.552,398190996,301200666,-38.6
1126132.552,398190734,301200156,-40.89
1126232.552,398190734,301200156,-42.66
1126332.552,398190448,301199670,-45.18
1126432.552,398190448,301199670,-46.59
1126532.552,398190139,301199212,-47.49
1126632.552,398190139,301199212,-48.21
1126732.552,398190139,301199212,-49.38
1126832.552,398189807,301198784,-50.2
1126932.552,398189453,301198390,-52.02
1127032.552,398189453,301198390,-53.02
1127132.552,398189079,301198032,-54.15
1127232.552,398189079,301198032,-54.49
1127332.552,398188687,301197711,-53.54
1127432.552,398188687,301197711,-51.88
1127532.552,398188281,301197420,-49.14
1127632.552,398188281,301197420,-46.65
1127732.552,398188281,301197420,-44.27
1127832.552,398187864,301197163,-42.61
1127932.552,398187434,301196947,-38.9
1128032.552,398187434,301196947,-36.68
1128132.552,398186997,301196765,-34.86
1128232.552,398186997,301196765,-32.79
1128332.552,398186552,301196613,-29.15
1128432.552,398186552,301196613,-26.61
1128532.552,398186099,301196485,-23.32
1128632.552,398186099,301196485,-21.39
1128732.552,398186099,301196485,-17.88
1128832.552,398185641,301196376,-15.71
1128932.552,398185184,301196278,-12.87
1129032.552,398185184,301196278,-10.29
1129132.552,398184731,301196192,-7.53
1129232.552,398184731,301196192,-5.94
1129332.552,398184282,301196118,-4.75
1129432.552,398184282,301196118,-4.77
1129532.552,398183840,301196055,-3.98
1129632.552,398183840,301196055,-3.42
1129732.552,398183840,301196055,-3.9
1129832.552,398183405,301195999,-4.56
1129932.552,398182978,301195949,-5.93
1130032.552,398182978,301195949,-6.13
1130132.552,398182558,301195906,-7.87
1130232.552,398182558,301195906,-8.19
1130332.552,398182146,301195870,-9.34
1130432.552,398182146,301195870,-10.11
1130532.552,398181739,301195846,-11.12
1130632.552,398181739,301195846,-11.73
1130732.552,398181739,301195846,-11.14
1130832.552,398181341,301195838,-11.66
1130932.552,398180953,301195847,-14.08
1131032.552,398180953,301195847,-15.48
1131132.552,398180576,301195875,-16.62
1131232.552,398180576,301195875,-17.81
1131332.552,398180211,301195923,-20.27
1131432.552,398180211,301195923,-22.5
1131532.552,398179861,301195988,-26.37
1131632.552,398179861,301195988,-29.35
1131732.552,398179861,301195988,-33.31
1131832.552,398179526,301196073,-35.3
1131932.552,398179204,301196180,-37.86
1132032.552,398179204,301196180,-39.49
1132132.552,398178896,301196308,-42.15
1132232.552,398178896,301196308,-45.03
1132332.552,398178601,301196455,-48.31
1132432.552,398178601,301196455,-48.55
1132532.552,398178317,301196620,-50.42
1132632.552,398178317,301196620,-50.63
1132732.552,398178317,301196620,-52.29
1132832.552,398178048,301196808,-51.79
1132932.552,398177803,301197029,-51.24
1133032.552,398177803,301197029,-50.52
1133132.552,398177586,301197283,-49.33
1133232.552,398177586,301197283,-47.35
1133332.552,398177399,301197565,-45.41
1133432.552,398177399,301197565,-44.43
1133532.552,398177237,301197872,-44.08
1133632.552,398177237,301197872,-44.44
1133732.552,398177237,301197872,-44.63
1133832.552,398177102,301198196,-45.52
1133932.552,398176997,301198534,-47.58
1134032.552,398176997,301198534,-47.61
1134132.552,398176923,301198885,-47.46
1134232.552,398176923,301198885,-48.39
1134332.552,398176878,301199247,-48.2
1134432.552,398176878,301199247,-47.2
1134532.552,398176859,301199614,-44.5
1134632.552,398176859,301199614,-41.07
1134732.552,398176859,301199614,-34.01
1134832.552,398176847,301199980,-28.87
1134932.552,398176831,301200338,-20.28
1135032.552,398176831,301200338,-14.36
1135132.552,398176814,301200686,-7.57
1135232.552,398176814,301200686,-6.85
1135332.552,398176798,301201026,-6.28
1135432.552,398176798,301201026,-6.14
1135532.552,398176790,301201390,-5.67
1135632.552,398176790,301201390,-5.09
1135732.552,398176790,301201390,-4.79
1135832.552,398176797,301201795,-4.86
1135932.552,398176797,301201795,-5.5
1136032.552,398176821,301202221,-6.9
1136132.552,398176860,301202645,-8.56
1136232.552,398176860,301202645,-9.56
1136332.552,398176907,301203061,-10.59
1136432.552,398176907,301203061,-10.18
1136532.552,398176962,301203467,-9.12
1136632.552,398176962,301203467,-7.71
1136732.552,398176962,301203467,-6.65
1136832.552,398177027,301203858,-7.27
1136932.552,398177027,301203858,-10.84
1137032.552,398177102,301204231,-11.94
1137132.552,398177102,301204231,-10.94
1137232.552,398177185,301204588,-10.42
1137332.552,398177272,301204935,-9.78
1137432.552,398177272,301204935,-9.58
1137532.552,398177272,301204935,-8.41
1137632.552,398177361,301205277,-7.43
1137732.552,398177361,301205277,-6.7
1137832.552,398177452,301205616,-6.22
1137932.552,398177452,301205616,-5.56
1138032.552,398177546,301205952,-3.94
1138132.552,398177546,301205952,-2.38
1138232.552,398177645,301206287,-2.42
1138332.552,398177747,301206618,-1.53
1138432.552,398177747,301206618,-1.82
1138532.552,398177853,301206944,-1.67
1138632.552,398177853,301206944,0.26
1138732.552,398177853,301206944,7.25
1138832.552,398177958,301207266,8.82
1138932.552,398178064,301207588,8.86
1139032.552,398178064,301207588,8.11
1139132.552,398178169,301207909,8.18
1139232.552,398178169,301207909,7.2
1139332.552,398178272,301208231,7.11
1139432.552,398178272,301208231,7.1
1139532.552,398178374,301208554,6.42
1139632.552,398178374,301208554,6.12
1139732.552,398178374,301208554,6.65
1139832.552,398178473,301208879,6.91
1139932.552,398178570,301209203,5.72
1140032.552,398178570,301209203,5.34
1140132.552,398178665,301209523,4.58
1140232.552,398178665,301209523,4.33
1140332.552,398178665,301209523,2.99
1140432.552,398178758,301209836,1.75
1140532.552,398178851,301210142,1.5
1140632.552,398178851,301210142,2.68
1140732.552,398178851,301210142,5.53
1140832.552,398178942,301210440,7.96
1140932.552,398179030,301210732,9.29
1141032.552,398179030,301210732,8.74
1141132.552,398179114,301211020,7.68
1141232.552,398179114,301211020,7.2
1141332.552,398179194,301211303,6.87
1141432.552,398179194,301211303,5.31
1141532.552,398179273,301211583,4.54
1141632.552,398179273,301211583,4.77
1141732.552,398179273,301211583,5.82
1141832.552,398179351,301211861,6.15
1141932.552,398179426,301212139,5.41
1142032.552,398179426,301212139,4.6
1142132.552,398179497,301212415,4.79
1142232.552,398179497,301212415,4.69
1142332.552,398179568,301212691,2.81
1142432.552,398179568,301212691,1.58
1142532.552,398179639,301212968,0.27
1142632.552,398179639,301212968,-2.06
1142732.552,398179639,301212968,-5.32
1142832.552,398179710,301213250,-8.68
1142932.552,398179784,301213538,-12.97
1143032.552,398179784,301213538,-14.75
1143132.552,398179867,301213829,-17.74
1143232.552,398179867,301213829,-19.77
1143332.552,398179962,301214122,-22.8
1143432.552,398179962,301214122,-25.33
1143532.552,398180072,301214414,-26.44
1143632.552,398180072,301214414,-27.62
1143732.552,398180072,301214414,-30.86
1143832.552,398180200,301214700,-32.41
1143932.552,398180349,301214978,-33.82
1144032.552,398180349,301214978,-35.07
1144132.552,398180522,301215238,-36.43
1144232.552,398180522,301215238,-37.42
1144332.552,398180724,301215472,-40.23
1144432.552,398180724,301215472,-42.4
1144532.552,398180957,301215664,-45.04
1144632.552,398180957,301215664,-45.67
1144732.552,398180957,301215664,-47.91
1144832.552,398181220,301215801,-51.29
1144932.552,398181505,301215885,-55.57
1145032.552,398181505,301215885,-56.74
1145132.552,398181803,301215909,-57.6
1145232.552,398181803,301215909,-57.19
1145332.552,398182110,301215859,-57.08
1145432.552,398182110,301215859,-57.9
1145532.552,398182418,301215741,-55.39
1145632.552,398182418,301215741,-52.16
1145732.552,398182418,301215741,-46.71
1145832.552,398182725,301215574,-43.57
1145932.552,398183026,301215366,-40
1146032.552,398183026,301215366,-36.99
1146132.552,398183322,301215120,-33.74
1146232.552,398183322,301215120,-31.44
1146332.552,398183607,301214843,-28.31
1146432.552,398183607,301214843,-26.72
1146532.552,398183884,301214537,-24.38
1146632.552,398183884,301214537,-23.38
1146732.552,398183884,301214537,-21.69
1146832.552,398184150,301214203,-20.88
1146932.552,398184402,301213845,-19.6
1147032.552,398184402,301213845,-18.11
1147132.552,398184642,301213469,-14.82
1147232.552,398184642,301213469,-13.2
1147332.552,398184870,301213082,-11.4
1147432.552,398184870,301213082,-10.57
1147532.552,398185083,301212688,-10
1147632.552,398185083,301212688,-9.74
1147732.552,398185083,301212688,-10.03
1147832.552,398185281,301212289,-12.68
1147932.552,398185469,301211885,-16.63
1148032.552,398185469,301211885,-18.67
1148132.552,398185646,301211476,-21.3
1148232.552,398185646,301211476,-22.83
1148332.552,398185814,301211061,-24.45
1148432.552,398185814,301211061,-26.15
1148532.552,398185973,301210641,-29.09
1148632.552,398185973,301210641,-30.73
1148732.552,398185973,301210641,-32.54
1148832.552,398186121,301210212,-32.98
1148932.552,398186256,301209772,-32.36
1149032.552,398186256,301209772,-30.94
1149132.552,398186377,301209320,-27.67
1149232.552,398186377,301209320,-25.25
1149332.552,398186479,301208854,-22.14
1149432.552,398186479,301208854,-19.67
1149532.552,398186560,301208375,-17.91
1149632.552,398186560,301208375,-17.78
1149732.552,398186560,301208375,-18.02
1149832.552,398186619,301207891,-18.52
1149932.552,398186655,301207405,-19.03
1150032.552,398186655,301207405,-18.3
1150132.552,398186672,301206920,-18.21
1150232.552,398186672,301206920,-18.82
1150332.552,398186673,301206435,-20.04
1150432.552,398186673,301206435,-21.8
1150532.552,398186662,301205951,-24.23
1150632.552,398186662,301205951,-25.02
1150732.552,398186662,301205951,-25.91
1150832.552,398186639,301205468,-27.32
1150932.552,398186600,301204984,-29.54
1151032.552,398186600,301204984,-31.09
1151132.552,398186541,301204501,-32.91
1151232.552,398186541,301204501,-33.9
1151332.552,398186464,301204020,-36.17
1151432.552,398186464,301204020,-37.18
1151532.552,398186375,301203540,-37.33
1151632.552,398186375,301203540,-36.59
1151732.552,398186375,301203540,-34.7
1151832.552,398186271,301203061,-33.03
1151932.552,398186147,301202585,-29
1152032.552,398186147,301202585,-26.55
1152132.552,398186000,301202115,-22.32
1152232.552,398186000,301202115,-18.95
1152332.552,398185830,301201657,-18.03
1152432.552,398185830,301201657,-18.59
1152532.552,398185639,301201215,-17.73
1152632.552,398185639,301201215,-16.46
1152732.552,398185639,301201215,-15.02
1152832.552,398185436,301200787,-14.69
1152932.552,398185224,301200374,-12.85
1153032.552,398185224,301200374,-10.85
1153132.552,398185004,301199971,-9.38
1153232.552,398185004,301199971,-9.02
1153332.552,398184781,301199573,-6.99
1153432.552,398184781,301199573,-5.34
1153532.552,398184556,301199176,-4.97
1153632.552,398184556,301199176,-3.78
1153732.552,398184556,301199176,-1.82
1153832.552,398184328,301198779,-1.26
1153932.552,398184096,301198380,-1.5
1154032.552,398184096,301198380,-2.08
1154132.552,398183860,301197980,-2.13
1154232.552,398183860,301197980,-1.6
1154332.552,398183618,301197578,-0.37
1154432.552,398183618,301197578,-0.16
1154532.552,398183369,301197175,-1.35
1154632.552,398183369,301197175,-1.96
1154732.552,398183369,301197175,-3.63
1154832.552,398183114,301196775,-3.84
1154932.552,398182854,301196377,-4.66
1155032.552,398182854,301196377,-6.09
1155132.552,398182592,301195982,-7.79
1155232.552,398182592,301195982,-9.22
1155332.552,398182327,301195588,-10.96
1155432.552,398182327,301195588,-12.54
1155532.552,398182055,301195200,-14.69
1155632.552,398182055,301195200,-15.86
1155732.552,398182055,301195200,-17.98
1155832.552,398181771,301194825,-20.29
1155932.552,398181472,301194473,-22.36
1156032.552,398181472,301194473,-21.93
1156132.552,398181159,301194148,-23.4
1156232.552,398181159,301194148,-24.84
1156332.552,398180834,301193859,-27.2
1156432.552,398180834,301193859,-28.65
1156532.552,398180504,301193609,-30.66
1156632.552,398180504,301193609,-32.79
1156732.552,398180504,301193609,-37.22
1156832.552,398180172,301193403,-39.6
1156932.552,398179838,301193245,-43.17
1157032.552,398179838,301193245,-44.97
1157132.552,398179504,301193126,-46.94
1157232.552,398179504,301193126,-48.37
1157332.552,398179172,301193047,-50.66
1157432.552,398179172,301193047,-51.5
1157532.552,398178846,301193012,-52.19
1157632.552,398178846,301193012,-52.89
1157732.552,398178846,301193012,-53.71
1157832.552,398178528,301193025,-54.07
1157932.552,398178220,301193086,-52.2
1158032.552,398178220,301193086,-50.76
1158132.552,398177927,301193191,-49.85
1158232.552,398177927,301193191,-48.82
1158332.552,398177649,301193335,-47.42
1158432.552,398177649,301193335,-47.37
1158532.552,398177391,301193517,-46.22
1158632.552,398177391,301193517,-44.94
1158732.552,398177391,301193517,-43.3
1158832.552,398177156,301193736,-42.05
1158932.552,398176943,301193983,-39.47
1159032.552,398176943,301193983,-37.97
1159132.552,398176749,301194253,-35.13
1159232.552,398176749,301194253,-33.42
1159332.552,398176576,301194543,-32.47
1159432.552,398176576,301194543,-32.37
1159532.552,398176419,301194849,-32.09
1159632.552,398176419,301194849,-32.03
1159732.552,398176419,301194849,-32.36
1159832.552,398176278,301195168,-33.05
1159932.552,398176158,301195503,-33.38
1160032.552,398176158,301195503,-33.35
1160132.552,398176060,301195852,-33.73
1160232.552,398176060,301195852,-33.84
1160332.552,398175983,301196214,-33.93
1160432.552,398175983,301196214,-33.4
1160532.552,398175928,301196588,-32.33
1160632.552,398175928,301196588,-32.53
1160732.552,398175928,301196588,-33.3
1160832.552,398175890,301196972,-33.9
1160932.552,398175873,301197361,-32.68
1161032.552,398175873,301197361,-31.94
1161132.552,398175886,301197756,-30
1161232.552,398175886,301197756,-29.69
1161332.552,398175939,301198152,-27.03
1161432.552,398175939,301198152,-25.84
1161532.552,398176029,301198540,-26.23
1161632.552,398176029,301198540,-24.37
1161732.552,398176029,301198540,-22.35
1161832.552,398176143,301198916,-23.27
1161932.552,398176279,301199277,-23.11
1162032.552,398176279,301199277,-21.47
1162132.552,398176430,301199627,-17.53
1162232.552,398176430,301199627,-14.79
1162332.552,398176590,301199966,-11.44
1162432.552,398176590,301199966,-9.17
1162532.552,398176757,301200297,-6.13
1162632.552,398176757,301200297,-4.16
1162732.552,398176757,301200297,-1.29
1162832.552,398176927,301200621,0.5999999999999999
1162932.552,398177102,301200937,4.18
1163032.552,398177102,301200937,6.98
1163132.552,398177277,301201251,10.5
1163232.552,398177277,301201251,12.01
1163332.552,398177451,301201566,15.6
1163432.552,398177451,301201566,18.04
1163532.552,398177621,301201886,20.16
1163632.552,398177621,301201886,20.33
1163732.552,398177621,301201886,19.97
1163832.552,398177785,301202212,19.76
1163932.552,398177944,301202547,18.46
1164032.552,398177944,301202547,17.15
1164132.552,398178100,301202891,14.3
1164232.552,398178100,301202891,10.47
1164332.552,398178254,301203240,7.82
1164432.552,398178254,301203240,7.57
1164532.552,398178407,301203593,6.58
1164632.552,398178407,301203593,5.47
1164732.552,398178407,301203593,3.89
1164832.552,398178558,301203953,3.04
1164932.552,398178707,301204315,1.86
1165032.552,398178707,301204315,0.29000000000000004
1165132.552,398178855,301204674,-1.4
1165232.552,398178855,301204674,-2.7
1165332.552,398179009,301205025,-6.64
1165432.552,398179009,301205025,-8.85
1165532.552,398179172,301205362,-14.22
1165632.552,398179172,301205362,-14.66
1165732.552,398179172,301205362,-12.9
1165832.552,398179347,301205682,-10.78
1165932.552,398179529,301205991,-6.53
1166032.552,398179529,301205991,-3.92
1166132.552,398179714,301206297,0.20999999999999996
1166232.552,398179714,301206297,2.25
1166332.552,398179901,301206600,4.65
1166432.552,398179901,301206600,6.26
1166532.552,398180090,301206902,8.79
1166632.552,398180090,301206902,10.46
1166732.552,398180090,301206902,11.17
1166832.552,398180278,301207206,11.11
1166932.552,398180463,301207517,11.11
1167032.552,398180463,301207517,11.28
1167132.552,398180644,301207834,9.47
1167232.552,398180644,301207834,8.31
1167332.552,398180822,301208154,9.32
1167432.552,398180822,301208154,11.49
1167532.552,398180998,301208476,9.76
1167632.552,398180998,301208476,7.44
1167732.552,398180998,301208476,4.18
1167832.552,398181171,301208800,3.3
1167932.552,398181341,301209125,0.8
1168032.552,398181341,301209125,-2.05
1168132.552,398181510,301209447,-7.89
1168232.552,398181510,301209447,-10.75
1168332.552,398181684,301209761,-15.54
1168432.552,398181684,301209761,-18.79
1168532.552,398181868,301210059,-24.18
1168632.552,398181868,301210059,-27.47
1168732.552,398181868,301210059,-31.94
1168832.552,398182069,301210334,-35.25
1168932.552,398182289,301210582,-38.5
1169032.552,398182289,301210582,-40.66
1169132.552,398182530,301210798,-42.49
1169232.552,398182530,301210798,-44.32
1169332.552,398182793,301210971,-47.85
1169432.552,398182793,301210971,-51.31
1169532.552,398183076,301211092,-58.37
1169632.552,398183076,301211092,-60.67
1169732.552,398183374,301211161,-62.16
1169832.552,398183374,301211161,-62.39
1169932.552,398183684,301211168,-64.69
1170032.552,398183684,301211168,-64.87
1170132.552,398184001,301211115,-58.23
1170232.552,398184001,301211115,-54.29
1170332.552,398184321,301211016,-48.63
1170432.552,398184321,301211016,-44.98
1170532.552,398184640,301210883,-36.31
1170632.552,398184640,301210883,-29.71
1170732.552,398184640,301210883,-23.16
1170832.552,398184957,301210720,-20.51
1170932.552,398185271,301210533,-17.84
1171032.552,398185271,301210533,-17.54
1171132.552,398185579,301210322,-17.89
1171232.552,398185579,301210322,-18.53
1171332.552,398185879,301210083,-20.8
1171432.552,398185879,301210083,-22.66
1171532.552,398186168,301209820,-26.04
1171632.552,398186168,301209820,-27.92
1171732.552,398186168,301209820,-31.33
1171832.552,398186450,301209537,-33.95
1171932.552,398186725,301209235,-35.89
1172032.552,398186725,301209235,-36.65
1172132.552,398186996,301208921,-37.85
1172232.552,398186996,301208921,-38.97
1172332.552,398187264,301208595,-39.68
1172432.552,398187264,301208595,-38.6
1172532.552,398187527,301208253,-36.9
1172632.552,398187527,301208253,-36.72
1172732.552,398187527,301208253,-35.18
1172832.552,398187782,301207887,-33.02
1172932.552,398188024,301207491,-29.78
1173032.552,398188024,301207491,-28.07
1173132.552,398188248,301207066,-26.41
1173232.552,398188248,301207066,-25.95
1173332.552,398188453,301206613,-24.87
1173432.552,398188453,301206613,-23.01
1173532.552,398188639,301206138,-19.73
1173632.552,398188639,301206138,-17.78
1173732.552,398188639,301206138,-16.1
1173832.552,398188807,301205646,-16.58
1173932.552,398188959,301205144,-19.09
1174032.552,398188959,301205144,-21.32
1174132.552,398189097,301204636,-23.02
1174232.552,398189097,301204636,-23.31
1174332.552,398189216,301204119,-25.43
1174432.552,398189216,301204119,-26.57
1174532.552,398189317,301203595,-28.26
1174632.552,398189317,301203595,-29.24
1174732.552,398189317,301203595,-30.92
1174832.552,398189404,301203067,-32.78
1174932.552,398189478,301202534,-34.27
1175032.552,398189478,301202534,-35.08
1175132.552,398189538,301201995,-35.65
1175232.552,398189538,301201995,-36.4
1175332.552,398189584,301201451,-36.53
1175432.552,398189584,301201451,-35.63
1175532.552,398189602,301200897,-38.74
1175632.552,398189602,301200897,-39.83
1175732.552,398189602,301200897,-38.88
1175832.552,398189592,301200335,-36.68
1175932.552,398189556,301199768,-34.56
1176032.552,398189556,301199768,-32.39
1176132.552,398189486,301199196,-28.87
1176232.552,398189486,301199196,-26.43
1176332.552,398189391,301198625,-23.02
1176432.552,398189391,301198625,-21.15
1176532.552,398189274,301198057,-17.48
1176632.552,398189274,301198057,-14.74
1176732.552,398189274,301198057,-12.07
1176832.552,398189143,301197491,-9.95
1176932.552,398189004,301196926,-7.45
1177032.552,398189004,301196926,-5.58
1177132.552,398188861,301196362,-3.93
1177232.552,398188861,301196362,-3.16
1177332.552,398188714,301195798,-2.78
1177432.552,398188714,301195798,-4.26
1177532.552,398188561,301195234,-7.28
1177632.552,398188561,301195234,-8.8
1177732.552,398188561,301195234,-10.72
1177832.552,398188400,301194670,-13.06
1177932.552,398188226,301194105,-16.85
1178032.552,398188226,301194105,-19.81
1178132.552,398188038,301193544,-23.27
1178232.552,398188038,301193544,-26.2
1178332.552,398187833,301192992,-33.42
1178432.552,398187833,301192992,-39.25
1178532.552,398187607,301192454,-44.51
1178632.552,398187607,301192454,-45.69
1178732.552,398187607,301192454,-46.48
1178832.552,398187355,301191937,-45.4
1178932.552,398187075,301191449,-40.95
1179032.552,398187075,301191449,-36.33
1179132.552,398186768,301190994,-27.93
1179232.552,398186768,301190994,-22.29
1179332.552,398186442,301190566,-16.95
1179432.552,398186442,301190566,-15.82
1179532.552,398186105,301190158,-15.47
1179632.552,398186105,301190158,-14.81
1179732.552,398186105,301190158,-13.63
1179832.552,398185762,301189766,-14.01
1179932.552,398185418,301189383,-14.8
1180032.552,398185418,301189383,-15.44
1180132.552,398185069,301189012,-15.53
1180232.552,398185069,301189012,-16.01
1180332.552,398184715,301188653,-17.84
1180432.552,398184715,301188653,-19.46
1180532.552,398184357,301188308,-20.97
1180632.552,398184357,301188308,-21.61
1180732.552,398184357,301188308,-23.72
1180832.552,398183993,301187980,-25.93
1180932.552,398183620,301187676,-27.97
1181032.552,398183620,301187676,-28.8
1181132.552,398183238,301187398,-29.43
1181232.552,398183238,301187398,-29.6
1181332.552,398182849,301187154,-30.24
1181432.552,398182849,301187154,-30.41
1181532.552,398182452,301186952,-29.33
1181632.552,398182452,301186952,-28.09
1181732.552,398182452,301186952,-28.03
1181832.552,398182052,301186793,-28.34
1181932.552,398181654,301186674,-29.48
1182032.552,398181654,301186674,-29.98
1182132.552,398181259,301186594,-29.72
1182232.552,398181259,301186594,-29.64
1182332.552,398180871,301186555,-28.9
1182432.552,398180871,301186555,-28.35
1182532.552,398180492,301186544,-27.11
1182632.552,398180492,301186544,-27.25
1182732.552,398180492,301186544,-27.39
1182832.552,398180121,301186551,-27.14
1182932.552,398179762,301186572,-25.91
1183032.552,398179762,301186572,-24.79
1183132.552,398179413,301186606,-21.1
1183232.552,398179413,301186606,-19.73
1183332.552,398179072,301186652,-19.39
1183432.552,398179072,301186652,-18.04
1183532.552,398178741,301186714,-18.33
1183632.552,398178741,301186714,-18.68
1183732.552,398178422,301186795,-18.84
1183832.552,398178422,301186795,-19.55
1183932.552,398178115,301186895,-21.29
1184032.552,398178115,301186895,-21.12
1184132.552,398177822,301187012,-22.36
1184232.552,398177822,301187012,-23.6
1184332.552,398177542,301187143,-23.21
1184432.552,398177542,301187143,-22.75
1184532.552,398177275,301187290,-21.62
1184632.552,398177275,301187290,-20.92
1184732.552,398177022,301187450,-20.63
1184832.552,398177022,301187450,-20.31
1184932.552,398176781,301187619,-19.51
1185032.552,398176781,301187619,-19.43
1185132.552,398176552,301187798,-20.7
1185232.552,398176552,301187798,-21.1
1185332.552,398176336,301187989,-22.28
1185432.552,398176336,301187989,-24.28
1185532.552,398176133,301188192,-26.59
1185632.552,398176133,301188192,-27.27
1185732.552,398176133,301188192,-27.81
1185832.552,398175941,301188403,-27.48
1185932.552,398175760,301188622,-27.44
1186032.552,398175760,301188622,-27.24
1186132.552,398175591,301188849,-26.33
1186232.552,398175591,301188849,-26.43
1186332.552,398175430,301189082,-25.63
1186432.552,398175430,301189082,-25.14
1186532.552,398175273,301189315,-23.84
1186632.552,398175273,301189315,-22.61
1186732.552,398175273,301189315,-20.73
1186832.552,398175123,301189550,-18.72
1186932.552,398174981,301189795,-14.71
1187032.552,398174981,301189795,-12.92
1187132.552,398174847,301190052,-9.52
1187232.552,398174847,301190052,-8.17
1187332.552,398174721,301190327,-6.86
1187432.552,398174721,301190327,-6.28
1187532.552,398174605,301190616,-5.85
1187632.552,398174605,301190616,-5.66
1187732.552,398174605,301190616,-5.72
1187832.552,398174497,301190913,-5.87
1187932.552,398174397,301191212,-5.29
1188032.552,398174397,301191212,-3.99
1188132.552,398174305,301191508,-2.32
1188232.552,398174305,301191508,-1.66
1188332.552,398174216,301191799,-1.68
1188432.552,398174216,301191799,-2.2
1188532.552,398174132,301192084,-2.46
1188632.552,398174132,301192084,-3.63
1188732.552,398174132,301192084,-5.93
1188832.552,398174054,301192364,-6.62
1188932.552,398173980,301192639,-6.87
1189032.552,398173980,301192639,-7.35
1189132.552,398173912,301192911,-8.92
1189232.552,398173912,301192911,-11.29
1189332.552,398173851,301193181,-14.92
1189432.552,398173851,301193181,-16.2
1189532.552,398173799,301193452,-18.21
1189632.552,398173799,301193452,-19.6
1189732.552,398173759,301193722,-19.99
1189832.552,398173759,301193722,-19.15
1189932.552,398173731,301193992,-17.1
1190032.552,398173731,301193992,-15.54
1190132.552,398173715,301194261,-14.73
1190232.552,398173715,301194261,-13.54
1190332.552,398173713,301194529,-12
1190432.552,398173713,301194529,-11.56
1190532.552,398173722,301194796,-9.37
1190632.552,398173722,301194796,-7.42
1190732.552,398173722,301194796,-5.34
1190832.552,398173741,301195059,-3.65
1190932.552,398173766,301195317,1.06
1191032.552,398173766,301195317,4.47
1191132.552,398173792,301195569,9.69
1191232.552,398173792,301195569,12.94
1191332.552,398173814,301195817,17.18
1191432.552,398173814,301195817,17.75
1191532.552,398173830,301196063,16.39
1191632.552,398173830,301196063,14.89
1191732.552,398173830,301196063,11.9
1191832.552,398173842,301196308,8.85
1191932.552,398173852,301196553,4.32
1192032.552,398173852,301196553,1.74
1192132.552,398173861,301196800,-1.36
1192232.552,398173861,301196800,-2.22
1192332.552,398173869,301197052,-2.51
1192432.552,398173869,301197052,-1.91
1192532.552,398173877,301197313,-1.21
1192632.552,398173877,301197313,-1.34
1192732.552,398173877,301197313,-0.59
1192832.552,398173886,301197581,-0.10999999999999999
1192932.552,398173895,301197852,-0.15
1193032.552,398173895,301197852,-0.86
1193132.552,398173907,301198119,-3.25
1193232.552,398173907,301198119,-6.09
1193332.552,398173924,301198382,-8.74
1193432.552,398173924,301198382,-9.53
1193532.552,398173947,301198642,-10.38
1193632.552,398173947,301198642,-10.71
1193732.552,398173947,301198642,-9.11
1193832.552,398173974,301198899,-6.18
1193932.552,398174005,301199158,-2.25
1194032.552,398174005,301199158,-1.28
1194132.552,398174039,301199419,-1.78
1194232.552,398174039,301199419,-2.36
1194332.552,398174077,301199684,-4.71
1194432.552,398174077,301199684,-6.79
1194532.552,398174123,301199954,-9.48
1194632.552,398174123,301199954,-11.32
1194732.552,398174123,301199954,-12.54
1194832.552,398174181,301200225,-11.86
1194932.552,398174250,301200490,-8.64
1195032.552,398174250,301200490,-5.15
1195132.552,398174325,301200746,-0.49
1195232.552,398174325,301200746,1.29
1195332.552,398174401,301200992,2.83
1195432.552,398174401,301200992,3.04
1195532.552,398174476,301201229,2.49
1195632.552,398174476,301201229,1.35
1195732.552,398174476,301201229,-1.18
1195832.552,398174550,301201456,-2.99
1195932.552,398174627,301201675,-4.51
1196032.552,398174627,301201675,-5.25
1196132.552,398174706,301201888,-6.45
1196232.552,398174706,301201888,-6.96
1196332.552,398174788,301202100,-7.07
1196432.552,398174788,301202100,-6.72
1196532.552,398174871,301202312,-5.65
1196632.552,398174871,301202312,-5.22
1196732.552,398174871,301202312,-6.06
1196832.552,398174955,301202524,-6.61
1196932.552,398175042,301202739,-7.08
1197032.552,398175042,301202739,-7.26
1197132.552,398175134,301202956,-7.31
1197232.552,398175134,301202956,-7.66
1197332.552,398175236,301203172,-7.89
1197432.552,398175236,301203172,-7.16
1197532.552,398175345,301203382,-5.1
1197632.552,398175345,301203382,-3.42
1197732.552,398175345,301203382,-1.02
1197832.552,398175457,301203581,0.4200000000000001
1197932.552,398175569,301203769,3.09
1198032.552,398175569,301203769,5.99
1198132.552,398175679,301203951,10.28
1198232.552,398175679,301203951,11.92
1198332.552,398175788,301204129,12.94
1198432.552,398175788,301204129,13.12
1198532.552,398175895,301204308,13.43
1198632.552,398175895,301204308,13.15
1198732.552,398175895,301204308,11.62
1198832.552,398176002,301204489,10.54
1198932.552,398176107,301204675,8.99
1199032.552,398176107,301204675,8.04
1199132.552,398176208,301204869,7.47
1199232.552,398176208,301204869,7.51
1199332.552,398176305,301205071,8.15
1199432.552,398176305,301205071,8.8
1199532.552,398176395,301205273,10.25
1199632.552,398176395,301205273,11.53
1199732.552,398176473,301205471,14.53
1199832.552,398176473,301205471,14.98
1199932.552,398176541,301205661,13.65
1200032.552,398176541,301205661,12.71
1200132.552,398176602,301205846,11.63
1200232.552,398176602,301205846,11.42
1200332.552,398176658,301206031,11.75
1200432.552,398176658,301206031,11.67
1200532.552,398176712,301206213,10.09
1200632.552,398176712,301206213,8.6
1200732.552,398176763,301206396,6.19
1200832.552,398176763,301206396,5.56
1200932.552,398176811,301206581,5.59
1201032.552,398176811,301206581,6.22
1201132.552,398176856,301206766,7.38
1201232.552,398176856,301206766,7.19
1201332.552,398176897,301206952,6.81
1201432.552,398176897,301206952,7.86
1201532.552,398176935,301207138,9.64
1201632.552,398176935,301207138,9.31
1201732.552,398176970,301207325,6.35
1201832.552,398176970,301207325,3.84
1201932.552,398177005,301207511,0.98
1202032.552,398177005,301207511,-0.15999999999999998
1202132.552,398177040,301207700,-1.18
1202232.552,398177040,301207700,-1.23
1202332.552,398177078,301207894,-1.22
1202432.552,398177078,301207894,-2.1
1202532.552,398177120,301208093,-2.18
1202632.552,398177120,301208093,-1.51
1202732.552,398177120,301208093,-0.85
1202832.552,398177165,301208300,-0.75
1202932.552,398177212,301208493,1.43
1203032.552,398177212,301208493,2.53
1203132.552,398177259,301208664,3.4
1203232.552,398177259,301208664,3.41
1203332.552,398177302,301208804,1.01
1203432.552,398177302,301208804,2.06
1203532.552,398177320,301208862,-0.14
1203632.552,398177320,301208862,-0.38
1203732.552,398177320,301208862,0.010000000000000009
1203832.552,398177317,301208856,0.66
1203932.552,398177315,301208848,-1.95
1204032.552,398177315,301208848,-2.79
1204132.552,398177316,301208847,-3.63
1204232.552,398177316,301208847,-1.69
1204332.552,398177316,301208848,-1.1
1204432.552,398177316,301208848,-2.47
1204532.552,398177316,301208846,-2.87
1204632.552,398177316,301208846,-2.25
1204732.552,398177316,301208846,-1.69
1204832.552,398177316,301208846,-2.19
1204932.552,398177316,301208846,-2.52
1205032.552,398177316,301208846,-2.25
1205132.552,398177316,301208845,-2.13
1205232.552,398177316,301208845,-2.39
1205332.552,398177316,301208845,-2.52
1205432.552,398177316,301208845,-2.39
1205532.552,398177317,301208845,-2.36
1205632.552,398177317,301208845,-2.5
1205732.552,398177317,301208845,-2.49
1205832.552,398177317,301208844,-2.44
1205932.552,398177318,301208845,-2.53
1206032.552,398177318,301208845,-2.54
1206132.552,398177318,301208845,-2.46
1206232.552,398177318,301208845,-2.42
1206332.552,398177319,301208845,-2.43
1206432.552,398177319,301208845,-2.44
1206532.552,398177320,301208844,-2.37
1206632.552,398177320,301208844,-2.32
1206732.552,398177320,301208844,-2.33
1206832.552,398177320,301208844,-2.32
1206932.552,398177320,301208844,-2.26
1207032.552,398177320,301208844,-2.28
1207132.552,398177320,301208844,-2.35
1207232.552,398177320,301208844,-2.37
1207332.552,398177320,301208843,-2.31
1207432.552,398177320,301208843,-2.32
1207532.552,398177321,301208843,-2.36
1207632.552,398177321,301208843,-2.32
1207732.552,398177321,301208843,-2.28
1207832.552,398177321,301208843,-2.31
1207932.552,398177321,301208843,-2.33
1208032.552,398177321,301208843,-2.29
1208132.552,398177321,301208843,-2.27
1208232.552,398177321,301208843,-2.25
1208332.552,398177322,301208842,-2.22
1208432.552,398177322,301208842,-2.19
1208532.552,398177321,301208842,-2.18
1208632.552,398177321,301208842,-2.15
1208732.552,398177321,301208842,-2.14
1208832.552,398177322,301208842,-2.15
1208932.552,398177322,301208841,-2.14
1209032.552,398177322,301208841,-2.11
1209132.552,398177321,301208839,-2.11
1209232.552,398177321,301208839,-2.1
1209332.552,398177321,301208838,-2.08
1209432.552,398177321,301208838,-2.07
1209532.552,398177321,301208837,-2.07
1209632.552,398177321,301208837,-2.03
1209732.552,398177321,301208836,-2.01
1209832.552,398177321,301208836,-2.03
1209932.552,398177321,301208836,-2.01
1210032.552,398177321,301208836,-1.98
1210132.552,398177321,301208835,-1.98
1210232.552,398177321,301208835,-1.99
1210332.552,398177321,301208834,-1.97
1210432.552,398177321,301208834,-1.95
1210532.552,398177321,301208834,-1.95
1210632.552,398177321,301208834,-1.96
1210732.552,398177321,301208833,-1.93
1210832.552,398177321,301208833,-1.92
1210932.552,398177321,301208832,-1.94
1211032.552,398177321,301208832,-1.92
1211132.552,398177322,301208832,-1.93
1211232.552,398177322,301208832,-1.93
1211332.552,398177322,301208831,-1.85
1211432.552,398177322,301208831,-1.82
1211532.552,398177322,301208830,-1.89
1211632.552,398177322,301208830,-1.91
1211732.552,398177322,301208830,-1.89
1211832.552,398177322,301208830,-1.89
1211932.552,398177322,301208829,-1.9
1212032.552,398177322,301208829,-1.87
1212132.552,398177322,301208828,-1.91
1212232.552,398177322,301208828,-1.93
1212332.552,398177322,301208828,-1.86
1212432.552,398177322,301208828,-1.83
1212532.552,398177322,301208828,-1.85
1212632.552,398177322,301208828,-1.84
1212732.552,398177322,301208827,-1.85
1212832.552,398177322,301208827,-1.84
1212932.552,398177322,301208826,-1.84
1213032.552,398177322,301208826,-1.85
1213132.552,398177322,301208826,-1.8
1213232.552,398177322,301208826,-1.78
1213332.552,398177322,301208825,-1.79
1213432.552,398177322,301208825,-1.77
1213532.552,398177322,301208825,-1.74
1213632.552,398177322,301208825,-1.79
1213732.552,398177322,301208825,-1.82
1213832.552,398177322,301208825,-1.8
1213932.552,398177323,301208825,-1.82
1214032.552,398177323,301208825,-1.87
1214132.552,398177323,301208825,-1.91
1214232.552,398177323,301208825,-1.92
1214332.552,398177323,301208825,-1.92
1214432.552,398177323,301208825,-1.89
1214532.552,398177322,301208824,-1.87
1214632.552,398177322,301208824,-1.84
1214732.552,398177322,301208824,-1.84
1214832.552,398177320,301208823,-1.88
1214932.552,398177319,301208822,-1.8
1215032.552,398177319,301208822,-1.77
1215132.552,398177319,301208822,-1.82
1215232.552,398177319,301208822,-1.65
1215332.552,398177318,301208819,-0.49999999999999994
1215432.552,398177318,301208819,-0.23
1215532.552,398177316,301208814,-0.23
1215632.552,398177316,301208814,0.27
1215732.552,398177313,301208810,1.22
1215832.552,398177313,301208810,1.39
1215932.552,398177311,301208808,1.31
1216032.552,398177311,301208808,1.31
1216132.552,398177312,301208810,1.29
1216232.552,398177312,301208810,1.19
1216332.552,398177312,301208812,0.99
1216432.552,398177312,301208812,0.99
1216532.552,398177312,301208813,1.1
1216632.552,398177312,301208813,1.01
1216732.552,398177312,301208813,0.92
1216832.552,398177311,301208811,1.36
1216932.552,398177311,301208809,1.82
1217032.552,398177311,301208809,1.53
1217132.552,398177311,301208808,1.32
1217232.552,398177311,301208808,1.6
1217332.552,398177311,301208808,1.73
1217432.552,398177311,301208808,1.45
1217532.552,398177311,301208808,1.31
1217632.552,398177311,301208808,1.53
1217732.552,398177311,301208807,1.63
1217832.552,398177311,301208807,1.53
1217932.552,398177311,301208806,1.58
1218032.552,398177311,301208806,1.71
1218132.552,398177311,301208806,1.6
1218232.552,398177311,301208806,1.52
1218332.552,398177311,301208807,1.52
1218432.552,398177311,301208807,1.51
1218532.552,398177312,301208807,1.48
1218632.552,398177312,301208807,1.42
1218732.552,398177312,301208807,1.44
1218832.552,398177313,301208807,1.54
1218932.552,398177313,301208806,1.47
1219032.552,398177313,301208806,1.29
1219132.552,398177313,301208806,1.23
1219232.552,398177313,301208806,1.25
1219332.552,398177314,301208807,1.04
1219432.552,398177314,301208807,0.81
1219532.552,398177316,301208809,0.52
1219632.552,398177316,301208809,0.47
1219732.552,398177317,301208812,0.98
1219832.552,398177317,301208812,1.38
1219932.552,398177318,301208813,1.22
1220032.552,398177318,301208813,1.02
1220132.552,398177318,301208813,1.36
1220232.552,398177318,301208813,1.78
1220332.552,398177318,301208811,1.73
1220432.552,398177318,301208811,1.49
1220532.552,398177318,301208813,1.53
1220632.552,398177318,301208813,1.59
1220732.552,398177319,301208814,1.43
1220832.552,398177319,301208814,1.38
1220932.552,398177319,301208814,1.45
1221032.552,398177319,301208814,1.39
1221132.552,398177319,301208814,1.39
1221232.552,398177319,301208814,1.51
1221332.552,398177320,301208813,1.56
1221432.552,398177320,301208813,1.47
1221532.552,398177320,301208813,1.42
1221632.552,398177320,301208813,1.52
1221732.552,NaN,NaN,1.54