time_s,time_diff,lat,lon,speed,roll,yaw,yaw_rad,yaw_unwrapped,yaw_rate,yaw_rate_deg,distance_m,total_distance
501.457872,0.6,39.817629,30.120344,1.068982585,0.46,341.942,5.968013751,5.968013751,0.082728607,4.74,0,0
501.457872,0.7,39.8176332,30.1203414,1.704195499,0.058,342.574,5.979044232,5.979044232,0.110304809,6.32,0.517123464,0.517123464
501.457872,0.8,39.8176332,30.1203414,2.218462133,-0.224,343.496,5.995136167,5.995136167,0.160919357,9.22,0,0.517123464
501.457872,0.9,39.8176395,30.1203376,2.958760071,-0.172,344.596,6.014334789,6.014334789,0.191986218,11,0.772056221,1.289179685
501.457872,1,39.8176395,30.1203376,3.435759449,0.068,346.116,6.040863794,6.040863794,0.265290046,15.2,0,1.289179685
501.457872,1.1,39.8176476,30.1203332,4.1296134,0.458,347.834,6.07084855,6.07084855,0.299847565,17.18,0.97593147,2.265111155
501.457872,1.2,39.8176476,30.1203332,4.572499275,0.424,350.138,6.111060936,6.111060936,0.40212386,23.04,0,2.265111155
501.457872,1.3,39.8176578,30.1203283,5.238776112,0.272,352.652,6.154938514,6.154938514,0.438775774,25.14,1.208934111,3.474045266
501.457872,1.4,39.8176578,30.1203283,5.679021645,0.138,283.374,4.945809315,4.945809315,-12.09129199,-692.78,0,3.474045266
501.457872,1.5,39.8176698,30.1203233,6.297089386,-0.048,214.15,3.737622593,3.737622593,-12.08186721,-692.24,1.401007133,4.875052399
501.457872,1.6,39.8176698,30.1203233,6.698302555,-0.272,144.768,2.526678252,2.526678252,-12.10944342,-693.82,0,4.875052399
501.457872,1.7,39.8176832,30.1203186,7.211243057,-0.264,74.858,1.306518571,1.306518571,-12.2015968,-699.1,1.543136136,6.418188535
501.457872,1.8,39.8176832,30.1203186,7.500792599,-0.194,4.458,0.077806778,0.077806778,-12.28711793,-704,0,6.418188535
501.457872,1.9,39.8176979,30.1203146,7.922524452,-0.294,5.452,0.095155351,0.095155351,0.173485728,9.94,1.669884574,8.088073109
501.457872,2,39.8176979,30.1203146,8.166434097,-0.586,5.654,0.098680916,0.098680916,0.035255651,2.02,0,8.088073109
501.457872,2.1,39.8177136,30.1203109,8.486502838,-1.26,5.11,0.089186325,0.089186325,-0.094945911,-5.44,1.774130621,9.86220373
501.457872,2.2,39.8177136,30.1203109,8.694844246,-2.224,3.988,0.069603731,0.069603731,-0.195825942,-11.22,0,9.86220373
501.457872,2.3,39.8177301,30.1203068,9.010968018,-2.908,74.418,1.298839123,1.298839123,12.29235392,704.3,1.867833662,11.73003739
501.457872,2.4,39.8177301,30.1203068,9.194909477,-2.83,144.774,2.526782971,2.526782971,12.27943849,703.56,0,11.73003739
501.457872,2.5,39.8177474,30.1203025,9.443408012,-2.5,214.97,3.751934293,3.751934293,12.25151322,701.96,1.958414687,13.68845208
501.457872,2.6,39.8177474,30.1203025,9.615747452,-2.116,285.426,4.981623471,4.981623471,12.29689178,704.56,0,13.68845208
501.457872,2.7,39.8177654,30.120298,9.882894707,-1.56,356.006,6.213476857,6.213476857,12.31853386,705.8,2.038074649,15.72652673
501.457872,2.8,39.8177654,30.120298,10.0422596,-1.278,354.864,6.193545197,6.193545197,-0.199316601,-11.42,0,15.72652673
501.457872,2.9,39.817784,30.1202931,10.28720951,-1.888,353.684,6.172950312,6.172950312,-0.205948852,-11.8,2.110141074,17.8366678
501.457872,3,39.817784,30.1202931,10.46760235,-2.026,352.804,6.157591414,6.157591414,-0.153588974,-8.8,0,17.8366678
501.457872,3.1,39.8178037,30.1202878,10.78150311,-1.664,351.986,6.143314621,6.143314621,-0.142767933,-8.18,2.236820235,20.07348804
501.457872,3.2,39.8178037,30.1202878,11.00059605,-1.322,351.262,6.130678437,6.130678437,-0.126361838,-7.24,0,20.07348804
501.457872,3.3,39.8178243,30.1202821,11.30336704,-1.096,350.502,6.117413935,6.117413935,-0.132645023,-7.6,2.341775708,22.41526375
501.457872,3.4,39.8178243,30.1202821,11.52055302,-0.922,349.912,6.107116492,6.107116492,-0.102974426,-5.9,0,22.41526375
501.457872,3.5,39.8178454,30.1202759,11.7961132,-1.718,349.448,6.099018165,6.099018165,-0.080983277,-4.64,2.405225709,24.82048945
501.457872,3.6,39.8178454,30.1202759,11.93816547,-2.914,349.274,6.095981292,6.095981292,-0.030368729,-1.74,0,24.82048945
501.457872,3.7,39.8178671,30.120269,12.14971523,-3.756,349.41,6.098354939,6.098354939,0.023736478,1.36,2.483850915,27.30434037
501.457872,3.8,39.8178671,30.120269,12.27758694,-4.484,349.742,6.104149433,6.104149433,0.057944931,3.32,0,27.30434037
501.457872,3.9,39.8178892,30.1202617,12.46999493,-5.302,350.152,6.111305282,6.111305282,0.071558499,4.1,2.535265242,29.83960561
501.457872,4,39.8178892,30.1202617,12.6040287,-5.748,350.548,6.118216786,6.118216786,0.069115038,3.96,0,29.83960561
501.457872,4.1,39.8179117,30.1202538,12.75856819,-5.924,350.81,6.122789549,6.122789549,0.045727626,2.62,2.591268689,32.4308743
501.457872,4.2,39.8179117,30.1202538,12.84361019,-6.398,350.838,6.123278241,6.123278241,0.004886922,0.28,0,32.4308743
501.457872,4.3,39.8179343,30.1202455,12.96698856,-7.104,350.574,6.118670572,6.118670572,-0.046076692,-2.64,2.611073255,35.04194755
501.457872,4.4,39.8179343,30.1202455,13.02583065,-7.322,350.094,6.110292991,6.110292991,-0.083775804,-4.8,0,35.04194755
501.457872,4.5,39.8179571,30.1202366,13.09083939,-7.7,349.332,6.096993583,6.096993583,-0.132994089,-7.62,2.646743055,37.68869061
501.457872,4.6,39.8179571,30.1202366,13.13534241,-7.824,348.508,6.08261207,6.08261207,-0.14381513,-8.24,0,37.68869061
501.457872,4.7,39.8179796,30.1202269,13.17418365,-7.828,347.734,6.069103221,6.069103221,-0.135088484,-7.74,2.635480447,40.32417106
501.457872,4.8,39.8179796,30.1202269,13.17468853,-7.522,347.292,6.061388866,6.061388866,-0.077143553,-4.42,0,40.32417106
501.457872,4.9,39.8180018,30.1202164,13.1684803,-7.27,347.198,6.059748256,6.059748256,-0.016406095,-0.94,2.626371597,42.95054265
501.457872,5,39.8180018,30.1202164,13.15610542,-6.444,347.466,6.064425739,6.064425739,0.046774824,2.68,0,42.95054265
501.457872,5.1,39.818024,30.1202056,13.15777206,-5.866,347.896,6.071930655,6.071930655,0.075049158,4.3,2.635230165,45.58577282
501.457872,5.2,39.818024,30.1202056,13.16510048,-5.32,348.25,6.07810912,6.07810912,0.061784656,3.54,0,45.58577282
501.457872,5.3,39.8180463,30.1201948,13.17839508,-5.064,348.258,6.078248746,6.078248746,0.001396263,0.08,2.645649004,48.23142182
501.457872,5.4,39.8180463,30.1201948,13.19840279,-5.162,347.934,6.07259388,6.07259388,-0.056548668,-3.24,0,48.23142182
501.457872,5.5,39.8180687,30.1201838,13.24112206,-5.826,347.216,6.060062416,6.060062416,-0.12531464,-7.18,2.662053682,50.8934755
501.457872,5.6,39.8180687,30.1201838,13.2697998,-6.506,346.29,6.043900667,6.043900667,-0.161617489,-9.26,0,50.8934755
501.457872,5.7,39.8180909,30.120172,13.2913847,-7.036,345.398,6.02833233,6.02833233,-0.155683369,-8.92,2.666324792,53.5598003
501.457872,5.8,39.8180909,30.120172,13.3070034,-6.976,344.872,6.019151898,6.019151898,-0.091804319,-5.26,0,53.5598003
501.457872,5.9,39.8181129,30.1201596,13.32835007,-5.836,344.74,6.016848063,6.016848063,-0.023038346,-1.32,2.665689427,56.22548972
501.457872,6,39.8181129,30.1201596,13.32698517,-4.504,345.008,6.021525546,6.021525546,0.046774824,2.68,0,56.22548972
501.457872,6.1,39.818135,30.1201471,13.35375309,-3.254,345.512,6.030322005,6.030322005,0.087964594,5.04,2.679288867,58.90477859
501.457872,6.2,39.818135,30.1201471,13.38761387,-2.088,346.114,6.040828887,6.040828887,0.105068821,6.02,0,58.90477859
501.457872,6.3,39.818135,30.1201471,13.42147465,-1.13,346.634,6.049904599,6.049904599,0.090757121,5.2,0,58.90477859
501.457872,6.4,39.8181572,30.1201347,13.43326244,-0.978,346.872,6.054058483,6.054058483,0.041538836,2.38,2.686112283,61.59089087
501.457872,6.5,39.8181795,30.1201226,13.45256081,-1.11,346.672,6.050567824,6.050567824,-0.034906585,-2,2.686374242,64.27726512
501.457872,6.6,39.8181795,30.1201226,13.44372635,-0.748,346.078,6.040200569,6.040200569,-0.103672558,-5.94,0,64.27726512
501.457872,6.7,39.818202,30.1201105,13.48527584,-0.192,345.04,6.022084051,6.022084051,-0.181165176,-10.38,2.706915238,66.98418035
501.457872,6.8,39.818202,30.1201105,13.52682533,6.66E-17,343.818,6.000756128,6.000756128,-0.213279235,-12.22,0,66.98418035
501.457872,6.9,39.8182247,30.120098,13.58636112,0.152,342.624,5.979916896,5.979916896,-0.208392313,-11.94,2.740609161,69.72478952
501.457872,7,39.8182247,30.120098,13.63838634,0.696,341.816,5.965814636,5.965814636,-0.141022604,-8.08,0,69.72478952
501.457872,7.1,39.8182475,30.1200852,13.72909336,1,341.418,5.958868226,5.958868226,-0.069464104,-3.98,2.76089823,72.48568775
501.457872,7.2,39.8182475,30.1200852,13.76941643,0.884,341.542,5.961032434,5.961032434,0.021642083,1.24,0,72.48568775
501.457872,7.3,39.8182475,30.1200852,13.80973949,0.348,342.114,5.971015717,5.971015717,0.099832833,5.72,0,72.48568775
501.457872,7.4,39.8182706,30.1200721,13.88255539,0.11,342.994,5.986374615,5.986374615,0.153588974,8.8,2.801694371,75.28738212
501.457872,7.5,39.8182938,30.1200589,13.97544994,0.148,344.166,6.006829873,6.006829873,0.204552588,11.72,2.815301263,78.10268338
501.457872,7.6,39.8182938,30.1200589,14.0296627,0.282,345.336,6.027250226,6.027250226,0.204203522,11.7,0,78.10268338
501.457872,7.7,39.8183174,30.120046,14.10547276,0.462,346.272,6.043586507,6.043586507,0.163362818,9.36,2.84609665,80.94878003
501.457872,7.8,39.8183174,30.120046,14.18128281,1.012,346.758,6.052068808,6.052068808,0.084823002,4.86,0,80.94878003
501.457872,7.9,39.8183412,30.1200334,14.22826767,0.844,346.756,6.052033901,6.052033901,-0.000349066,-0.02,2.856865042,83.80564507
501.457872,8,39.8183412,30.1200334,14.25517387,0.332,346.306,6.044179919,6.044179919,-0.078539816,-4.5,0,83.80564507
501.457872,8.1,39.8183652,30.1200205,14.33044739,-0.534,345.712,6.033812664,6.033812664,-0.103672558,-5.94,2.887157938,86.69280301
501.457872,8.2,39.8183652,30.1200205,14.38412361,-1.472,345.258,6.025888869,6.025888869,-0.079237948,-4.54,0,86.69280301
501.457872,8.3,39.8183652,30.1200205,14.43779984,-2.27,345.078,6.022747276,6.022747276,-0.031415927,-1.8,0,86.69280301
501.457872,8.4,39.8183893,30.1200071,14.49907494,-2.54,345.24,6.02557471,6.02557471,0.028274334,1.62,2.913944382,89.60674739
501.457872,8.5,39.8184135,30.1199935,14.57922592,-2.534,345.694,6.033498504,6.033498504,0.079237948,4.54,2.9309008,92.53764819
501.457872,8.6,39.8184135,30.1199935,14.6110096,-2.2,346.29,6.043900667,6.043900667,0.104021623,5.96,0,92.53764819
501.457872,8.7,39.8184378,30.1199798,14.66409359,-1.542,346.952,6.055454746,6.055454746,0.115540796,6.62,2.944496348,95.48214454
501.457872,8.8,39.8184378,30.1199798,14.71717758,-0.718,347.51,6.065193684,6.065193684,0.097389372,5.58,0,95.48214454
501.457872,8.9,39.8184624,30.1199661,14.76994019,-0.12,347.864,6.071372149,6.071372149,0.061784656,3.54,2.975137346,98.45728189
501.457872,9,39.8184624,30.1199661,14.8038269,0.012,347.942,6.072733506,6.072733506,0.013613568,0.78,0,98.45728189
501.457872,9.1,39.818487,30.1199524,14.84986515,-0.18,347.832,6.070813644,6.070813644,-0.019198622,-1.1,2.975137181,101.4324191
501.457872,9.2,39.818487,30.1199524,14.87460308,-0.624,347.634,6.067357892,6.067357892,-0.034557519,-1.98,0,101.4324191
501.457872,9.3,39.818487,30.1199524,14.89934101,-1.178,347.514,6.065263497,6.065263497,-0.020943951,-1.2,0,101.4324191
501.457872,9.4,39.8185118,30.1199385,14.94444294,-1.632,347.542,6.065752189,6.065752189,0.004886922,0.28,3.002309743,104.4347288
501.457872,9.5,39.8185368,30.1199244,15.00112,-2.036,347.772,6.069766446,6.069766446,0.040142573,2.3,3.029498135,107.4642269
501.457872,9.6,39.8185368,30.1199244,15.04564552,-2.154,348.114,6.075735472,6.075735472,0.05969026,3.42,0,107.4642269
501.457872,9.7,39.8185618,30.1199102,15.09807606,-2.134,348.412,6.080936553,6.080936553,0.052010812,2.98,3.032902987,110.4971299
501.457872,9.8,39.8185618,30.1199102,15.15050659,-1.92,348.512,6.082681883,6.082681883,0.017453293,1,0,110.4971299
501.457872,9.9,39.8185869,30.1198963,15.16081772,-1.68,348.21,6.077410988,6.077410988,-0.052708943,-3.02,3.032977821,113.5301078
501.457872,10,39.8185869,30.1198963,15.15955372,-1.512,347.518,6.06533331,6.06533331,-0.120776784,-6.92,0,113.5301078
501.457872,10.1,39.8186119,30.1198823,15.15330677,-1.682,346.492,6.047426232,6.047426232,-0.179070781,-10.26,3.026112864,116.5562206
501.457872,10.2,39.8186119,30.1198823,15.13915482,-1.798,345.432,6.028925742,6.028925742,-0.185004901,-10.6,0,116.5562206
501.457872,10.3,39.8186119,30.1198823,15.12500286,-1.718,344.606,6.014509322,6.014509322,-0.144164196,-8.26,0,116.5562206
501.457872,10.4,39.8186366,30.1198678,15.10938549,-1.164,344.284,6.008889362,6.008889362,-0.056199602,-3.22,3.012797453,119.5690181
501.457872,10.5,39.8186612,30.1198532,15.07218189,-0.288,344.454,6.011856422,6.011856422,0.029670597,1.7,3.006196509,122.5752146
501.457872,10.6,39.8186612,30.1198532,15.03996124,0.784,344.996,6.021316106,6.021316106,0.094596845,5.42,0,122.5752146
501.457872,10.7,39.8186858,30.119839,14.99987068,1.738,345.646,6.032660746,6.032660746,0.113446401,6.5,2.992187705,125.5674023
501.457872,10.8,39.8186858,30.119839,14.95978012,2.054,346.15,6.041457206,6.041457206,0.087964594,5.04,0,125.5674023
501.457872,10.9,39.8187104,30.1198251,14.94400997,1.622,346.382,6.04550637,6.04550637,0.040491639,2.32,2.981894741,128.549297
501.457872,11,39.8187104,30.1198251,14.94982605,0.908,346.31,6.044249733,6.044249733,-0.012566371,-0.72,0,128.549297
501.457872,11.1,39.8187351,30.119811,14.95209961,0.286,346.102,6.040619448,6.040619448,-0.036302848,-2.08,2.998916252,131.5482133
501.457872,11.2,39.8187351,30.119811,14.96224308,-0.156,345.844,6.036116498,6.036116498,-0.045029495,-2.58,0,131.5482133
501.457872,11.3,39.8187351,30.119811,14.97238655,0.088,345.67,6.033079625,6.033079625,-0.030368729,-1.74,0,131.5482133
501.457872,11.4,39.8187598,30.1197968,14.9734108,0.64,345.672,6.033114532,6.033114532,0.000349066,0.02,3.002355769,134.550569
501.457872,11.5,39.8187844,30.1197827,14.96290836,1.318,345.84,6.036046685,6.036046685,0.029321531,1.68,2.98873561,137.5393047
501.457872,11.6,39.8187844,30.1197827,14.95594845,1.812,346.088,6.040375102,6.040375102,0.043284165,2.48,0,137.5393047
501.457872,11.7,39.818809,30.1197689,14.93978901,2.146,346.344,6.044843145,6.044843145,0.044680429,2.56,2.978504216,140.5178089
501.457872,11.8,39.818809,30.1197689,14.92362957,1.984,346.548,6.048403616,6.048403616,0.035604717,2.04,0,140.5178089
501.457872,11.9,39.8188336,30.1197552,14.89765186,1.736,346.7,6.051056517,6.051056517,0.026529005,1.52,2.97513486,143.4929437
501.457872,12,39.8188336,30.1197552,14.88320084,1.244,346.802,6.052836753,6.052836753,0.017802358,1.02,0,143.4929437
501.457872,12.1,39.8188582,30.1197413,14.87525368,0.154,346.968,6.055733999,6.055733999,0.028972466,1.66,2.981893724,146.4748375
501.457872,12.2,39.8188582,30.1197413,14.87650604,-1.352,347.212,6.059992602,6.059992602,0.042586034,2.44,0,146.4748375
501.457872,12.3,39.8188582,30.1197413,14.87775841,-2.626,347.534,6.065612563,6.065612563,0.056199602,3.22,0,146.4748375
501.457872,12.4,39.8188829,30.1197273,14.91915741,-3.65,347.802,6.070290045,6.070290045,0.046774824,2.68,2.995495935,149.4703334
501.457872,12.5,39.8189078,30.1197132,14.97412796,-4.17,347.872,6.071511775,6.071511775,0.012217305,0.7,3.01929551,152.4896289
501.457872,12.6,39.8189078,30.1197132,15.02259464,-3.934,347.68,6.068160743,6.068160743,-0.033510322,-1.92,0,152.4896289
501.457872,12.7,39.8189326,30.1196991,15.03801517,-4.252,347.008,6.056432131,6.056432131,-0.117286126,-6.72,3.00910181,155.4987307
501.457872,12.8,39.8189326,30.1196991,15.05343571,-6.002,345.962,6.038175987,6.038175987,-0.18256144,-10.46,0,155.4987307
501.457872,12.9,39.8189569,30.1196838,15.05399227,-9.638,344.738,6.016813157,6.016813157,-0.2136283,-12.24,3.001413966,158.5001447
501.457872,13,39.8189569,30.1196838,15.04097729,-14.51,343.636,5.997579628,5.997579628,-0.192335284,-11.02,0,158.5001447
501.457872,13.1,39.8189808,30.1196666,15.08146362,-20.24,342.644,5.980265962,5.980265962,-0.173136662,-9.92,3.036529762,161.5366744
501.457872,13.2,39.8189808,30.1196666,15.15499611,-25.298,342.01,5.969200575,5.969200575,-0.110653875,-6.34,0,161.5366744
501.457872,13.3,39.8189808,30.1196666,15.22852859,-29.502,341.52,5.960648461,5.960648461,-0.085521133,-4.9,0,161.5366744
501.457872,13.4,39.8190042,30.1196473,15.31268291,-32.194,341.054,5.952515227,5.952515227,-0.081332343,-4.66,3.080128242,164.6168027
501.457872,13.5,39.8190262,30.1196254,15.37914371,-34.064,340.286,5.939111098,5.939111098,-0.134041287,-7.68,3.07939253,167.6961952
501.457872,13.6,39.8190262,30.1196254,15.3921032,-35.292,339.258,5.921169114,5.921169114,-0.179419847,-10.28,0,167.6961952
501.457872,13.7,39.8190463,30.1196015,15.31125164,-36.502,337.7,5.893976884,5.893976884,-0.271922297,-15.58,3.026842518,170.7230377
501.457872,13.8,39.8190463,30.1196015,15.23040009,-37.406,335.98,5.863957221,5.863957221,-0.300196631,-17.2,0,170.7230377
501.457872,13.9,39.8190644,30.119576,15.09153843,-38.054,333.962,5.828736477,5.828736477,-0.352207443,-20.18,2.965411649,173.6884494
501.457872,14,39.8190644,30.119576,14.97037029,-38.43,332.014,5.794737463,5.794737463,-0.339990138,-19.48,0,173.6884494
501.457872,14.1,39.8190806,30.1195491,14.78653717,-38.664,330.02,5.759935597,5.759935597,-0.348018653,-19.94,2.919413848,176.6078632
501.457872,14.2,39.8190806,30.1195491,14.69651508,-38.752,328.398,5.731626357,5.731626357,-0.283092405,-16.22,0,176.6078632
501.457872,14.3,39.819095,30.1195212,14.57338066,-38.536,326.878,5.705097352,5.705097352,-0.265290046,-15.2,2.870830081,179.4786933
501.457872,14.4,39.819095,30.1195212,14.47760334,-38.208,325.678,5.684153401,5.684153401,-0.20943951,-12,0,179.4786933
501.457872,14.5,39.8191075,30.1194922,14.36092262,-38,324.494,5.663488703,5.663488703,-0.206646983,-11.84,2.840116336,182.3188096
501.457872,14.6,39.8191075,30.1194922,14.30690689,-37.574,323.506,5.64624485,5.64624485,-0.17243853,-9.88,0,182.3188096
501.457872,14.7,39.8191184,30.1194625,14.21574535,-36.842,322.406,5.627046228,5.627046228,-0.191986218,-11,2.81123697,185.1300466
501.457872,14.8,39.8191184,30.1194625,14.15769615,-36.116,321.292,5.60760326,5.60760326,-0.194429679,-11.14,0,185.1300466
501.457872,14.9,39.8191277,30.1194321,14.08645077,-35.202,319.912,5.583517717,5.583517717,-0.240855437,-13.8,2.794691289,187.9247379
501.457872,15,39.8191277,30.1194321,14.03610878,-34.228,318.416,5.557407591,5.557407591,-0.261101256,-14.96,0,187.9247379
501.457872,15.1,39.8191354,30.1194012,13.98199196,-33.458,316.546,5.524769934,5.524769934,-0.32637657,-18.7,2.77444632,190.6991842
501.457872,15.2,39.8191354,30.1194012,13.96502094,-32.952,314.624,5.491224706,5.491224706,-0.335452282,-19.22,0,190.6991842
501.457872,15.3,39.8191413,30.1193694,13.98254967,-33.362,312.412,5.452618023,5.452618023,-0.386066831,-22.12,2.794007552,193.4931918
501.457872,15.4,39.8191413,30.1193694,14.01327457,-34.57,310.36,5.416803866,5.416803866,-0.358141563,-20.52,0,193.4931918
501.457872,15.5,39.8191454,30.1193368,14.05569191,-35.64,308.252,5.380012326,5.380012326,-0.367915406,-21.08,2.821295984,196.3144878
501.457872,15.6,39.8191454,30.1193368,14.10188408,-36.404,306.304,5.346013312,5.346013312,-0.339990138,-19.48,0,196.3144878
501.457872,15.7,39.8191474,30.1193034,14.22680626,-36.916,304.226,5.30974537,5.30974537,-0.362679419,-20.78,2.86119755,199.1756853
501.457872,15.8,39.8191474,30.1193034,14.3172287,-36.702,302.316,5.276409581,5.276409581,-0.333357887,-19.1,0,199.1756853
501.457872,15.9,39.8191469,30.1192692,14.46049557,-36.358,300.096,5.237663272,5.237663272,-0.387463094,-22.2,2.921395113,202.0970804
501.457872,16,39.8191469,30.1192692,14.59207001,-36.384,297.89,5.199161309,5.199161309,-0.385019633,-22.06,0,202.0970804
501.457872,16.1,39.8191436,30.1192341,14.84806347,-36.768,295.432,5.156261116,5.156261116,-0.42900193,-24.58,3.020105713,205.1171861
501.457872,16.2,39.8191436,30.1192341,15.02532692,-37.268,293.022,5.114198681,5.114198681,-0.42062435,-24.1,0,205.1171861
501.457872,16.3,39.8191436,30.1192341,15.20259037,-37.8,290.25,5.065818154,5.065818154,-0.483805269,-27.72,0,205.1171861
501.457872,16.4,39.8191372,30.1191984,15.43626347,-38.09,287.55,5.018694264,5.018694264,-0.471238898,-27,3.130924401,208.2481105
501.457872,16.5,39.8191277,30.1191626,15.77881966,-38.266,284.544,4.966229667,4.966229667,-0.524645973,-30.06,3.234853851,211.4829644
501.457872,16.6,39.8191277,30.1191626,15.99695683,-38.556,281.692,4.916452877,4.916452877,-0.497767903,-28.52,0,211.4829644
501.457872,16.7,39.8191153,30.119127,16.29127502,-39.166,278.598,4.862452389,4.862452389,-0.540004871,-30.94,3.338469737,214.8214341
501.457872,16.8,39.8191153,30.119127,16.58559322,-39.854,275.762,4.812954852,4.812954852,-0.494975376,-28.36,0,214.8214341
501.457872,16.9,39.8190999,30.1190921,16.90626297,-40.656,272.798,4.761223293,4.761223293,-0.51731559,-29.64,3.437528736,218.2589629
501.457872,17,39.8190999,30.1190921,17.11804962,-41.49,270.07,4.713610711,4.713610711,-0.47612582,-27.28,0,218.2589629
501.457872,17.1,39.8190813,30.1190582,17.4138485,-42.038,267.112,4.661983872,4.661983872,-0.516268393,-29.58,3.558090944,221.8170538
501.457872,17.2,39.8190813,30.1190582,17.63346634,-42.294,264.424,4.615069421,4.615069421,-0.469144503,-26.88,0,221.8170538
501.457872,17.3,39.8190599,30.1190258,17.95519638,-42.59,261.654,4.566723801,4.566723801,-0.483456203,-27.7,3.649578084,225.4666319
501.457872,17.4,39.8190599,30.1190258,18.1413208,-42.836,259.218,4.52420758,4.52420758,-0.425162206,-24.36,0,225.4666319
501.457872,17.5,39.8190359,30.1189953,18.39755363,-42.996,256.774,4.481551734,4.481551734,-0.426558469,-24.44,3.729234437,229.1958663
501.457872,17.6,39.8190359,30.1189953,18.56977425,-43.148,254.664,4.444725286,4.444725286,-0.368264472,-21.1,0,229.1958663
501.457872,17.7,39.8190095,30.1189667,18.82829628,-43.126,252.386,4.404966686,4.404966686,-0.397586004,-22.78,3.818864412,233.0147307
501.457872,17.8,39.8190095,30.1189667,18.98470612,-42.788,250.216,4.367093041,4.367093041,-0.378736448,-21.7,0,233.0147307
501.457872,17.9,39.8189812,30.1189401,19.1851944,-42.042,247.642,4.322168266,4.322168266,-0.449247749,-25.74,3.881170192,236.8959009
501.457872,18,39.8189812,30.1189401,19.31557426,-41.318,245.028,4.27654536,4.27654536,-0.456229066,-26.14,0,236.8959009
501.457872,18.1,39.8189511,30.1189159,19.50636063,-41.08,241.89,4.221776928,4.221776928,-0.547684319,-31.38,3.933690745,240.8295917
501.457872,18.2,39.8189511,30.1189159,19.61084557,-41.01,238.656,4.16533298,4.16533298,-0.56443948,-32.34,0,240.8295917
501.457872,18.3,39.8189511,30.1189159,19.71533051,-40.928,234.714,4.096532101,4.096532101,-0.688008791,-39.42,0,240.8295917
501.457872,18.4,39.818919,30.1188943,19.87599525,-40.976,230.72,4.02682365,4.02682365,-0.697084503,-39.94,4.017892685,244.8474844
501.457872,18.5,39.818885,30.1188758,20.10292168,-40.788,226.13,3.946713038,3.946713038,-0.801106127,-45.9,4.097507063,248.9449914
501.457872,18.6,39.818885,30.1188758,20.2694416,-40.014,221.718,3.869709111,3.869709111,-0.770039266,-44.12,0,248.9449914
501.457872,18.7,39.8188493,30.1188611,20.48672485,-38.958,217.004,3.78743429,3.78743429,-0.822748209,-47.14,4.163458201,253.1084496
501.457872,18.8,39.8188493,30.1188611,20.7040081,-37.914,212.84,3.71475878,3.71475878,-0.726755101,-41.64,0,253.1084496
501.457872,18.9,39.8188124,30.1188505,20.85983734,-36.702,208.706,3.642606869,3.642606869,-0.721519113,-41.34,4.201778416,257.310228
501.457872,19,39.8188124,30.1188505,20.94940491,-35.426,205.262,3.582497729,3.582497729,-0.601091394,-34.44,0,257.310228
501.457872,19.1,39.8187749,30.1188434,21.02477989,-33.892,202,3.525565089,3.525565089,-0.569326402,-32.62,4.213669678,261.5238977
501.457872,19.2,39.8187749,30.1188434,21.04939156,-32.342,199.418,3.480500688,3.480500688,-0.450644013,-25.82,0,261.5238977
501.457872,19.3,39.8187749,30.1188434,21.07400322,-30.624,196.996,3.438228813,3.438228813,-0.422718745,-24.22,0,261.5238977
501.457872,19.4,39.8187372,30.1188394,21.04026031,-28.95,195.028,3.403880734,3.403880734,-0.343480797,-19.68,4.205945714,265.7298434
501.457872,19.5,39.8186996,30.1188377,20.98423576,-27.176,193.054,3.369427934,3.369427934,-0.344527994,-19.74,4.183449474,269.9132929
501.457872,19.6,39.8186996,30.1188377,20.94240379,-25.786,191.328,3.339303551,3.339303551,-0.301243829,-17.26,0,269.9132929
501.457872,19.7,39.8186622,30.1188379,20.8803009,-24.466,189.544,3.308166877,3.308166877,-0.311366739,-17.84,4.158725336,274.0720182
501.457872,19.8,39.8186622,30.1188379,20.81819801,-23.334,187.954,3.280416142,3.280416142,-0.277507351,-15.9,0,274.0720182
501.457872,19.9,39.8186249,30.1188397,20.75344238,-22.14,186.362,3.252630501,3.252630501,-0.277856417,-15.92,4.150418827,278.2224371
501.457872,20,39.8186249,30.1188397,20.7109684,-21.102,185.054,3.229801594,3.229801594,-0.228289066,-13.08,0,278.2224371
501.457872,20.1,39.8185879,30.1188429,20.66159134,-19.914,183.82,3.208264231,3.208264231,-0.21537363,-12.34,4.123279688,282.3457168
501.457872,20.2,39.8185879,30.1188429,20.6324852,-18.816,182.818,3.190776032,3.190776032,-0.174881991,-10.02,0,282.3457168
501.457872,20.3,39.8185879,30.1188429,20.60337906,-17.68,181.854,3.173951058,3.173951058,-0.16824974,-9.64,0,282.3457168
501.457872,20.4,39.818551,30.1188475,20.58255844,-16.758,181.02,3.159395012,3.159395012,-0.14556046,-8.34,4.121858317,286.4675751
501.457872,20.5,39.8185144,30.1188533,20.5516983,-15.944,180.062,3.142674758,3.142674758,-0.167202542,-9.58,4.099770108,290.5673452
501.457872,20.6,39.8185144,30.1188533,20.52774124,-15.358,179.094,3.125779971,3.125779971,-0.168947872,-9.68,0,290.5673452
501.457872,20.7,39.8184779,30.1188603,20.50620461,-14.87,177.88,3.104591673,3.104591673,-0.211882971,-12.14,4.102410439,294.6697556
501.457872,20.8,39.8184779,30.1188603,20.48466797,-14.49,176.608,3.082391085,3.082391085,-0.222005881,-12.72,0,294.6697556
501.457872,20.9,39.8184414,30.1188687,20.52292519,-14.21,175.11,3.056246053,3.056246053,-0.261450322,-14.98,4.121533149,298.7912888
501.457872,21,39.8184414,30.1188687,20.57122192,-13.888,173.68,3.031287845,3.031287845,-0.249582083,-14.3,0,298.7912888
501.457872,21.1,39.8184048,30.1188786,20.62530937,-13.552,172.074,3.003257857,3.003257857,-0.280299878,-16.06,4.156638801,302.9479276
501.457872,21.2,39.8184048,30.1188786,20.67697639,-13.206,170.542,2.976519413,2.976519413,-0.267384441,-15.32,0,302.9479276
501.457872,21.3,39.8184048,30.1188786,20.72864342,-13.052,168.87,2.947337508,2.947337508,-0.291819051,-16.72,0,302.9479276
501.457872,21.4,39.8183686,30.1188898,20.71992455,-13.19,167.362,2.921017943,2.921017943,-0.263195651,-15.08,4.137351741,307.0852793
501.457872,21.5,39.8183327,30.1189019,20.68167343,-13.198,165.85,2.894628564,2.894628564,-0.263893783,-15.12,4.123493775,311.2087731
501.457872,21.6,39.8183327,30.1189019,20.63763161,-12.85,164.666,2.873963866,2.873963866,-0.206646983,-11.84,0,311.2087731
501.457872,21.7,39.8182972,30.1189146,20.56624756,-12.316,163.734,2.857697397,2.857697397,-0.162664686,-9.32,4.093728857,315.3025019
501.457872,21.8,39.8182972,30.1189146,20.49486351,-11.6,163.206,2.848482059,2.848482059,-0.092153385,-5.28,0,315.3025019
501.457872,21.9,39.8182619,30.1189279,20.43371658,-10.708,162.876,2.842722472,2.842722472,-0.057595865,-3.3,4.086236553,319.3887385
501.457872,22,39.8182619,30.1189279,20.4021019,-10.044,162.752,2.840558264,2.840558264,-0.021642083,-1.24,0,319.3887385
501.457872,22.1,39.818227,30.1189421,20.36450043,-9.732,162.654,2.838847842,2.838847842,-0.017104227,-0.98,4.065793166,323.4545317
501.457872,22.2,39.818227,30.1189421,20.35424118,-9.69,162.548,2.836997793,2.836997793,-0.01850049,-1.06,0,323.4545317
501.457872,22.3,39.818227,30.1189421,20.34398193,-9.406,162.328,2.833158068,2.833158068,-0.038397244,-2.2,0,323.4545317
501.457872,22.4,39.8181922,30.1189569,20.33671341,-8.89,162.008,2.827573015,2.827573015,-0.055850536,-3.2,4.070800526,327.5253322
501.457872,22.5,39.8181575,30.1189724,20.34856415,-8.692,161.396,2.8168916,2.8168916,-0.10681415,-6.12,4.079239951,331.6045721
501.457872,22.6,39.8181575,30.1189724,20.36640167,-8.786,160.574,2.802544993,2.802544993,-0.143466065,-8.22,0,331.6045721
501.457872,22.7,39.8181227,30.1189888,20.41800117,-8.63,159.342,2.781042537,2.781042537,-0.215024564,-12.32,4.115282704,335.7198548
501.457872,22.8,39.8181227,30.1189888,20.46960068,-8.67,157.832,2.754688065,2.754688065,-0.263544717,-15.1,0,335.7198548
501.457872,22.9,39.8180881,30.1190062,20.53923073,-8.8,155.882,2.720654145,2.720654145,-0.340339204,-19.5,4.124376895,339.8442317
501.457872,23,39.8180881,30.1190062,20.58974152,-8.598,153.922,2.686445691,2.686445691,-0.342084533,-19.6,0,339.8442317
501.457872,23.1,39.8180538,30.1190247,20.6073719,-7.958,151.878,2.650771161,2.650771161,-0.356745299,-20.44,4.128313124,343.9725449
501.457872,23.2,39.8180538,30.1190247,20.59124031,-7.736,150.138,2.620402432,2.620402432,-0.30368729,-17.4,0,343.9725449
501.457872,23.3,39.8180538,30.1190247,20.57510872,-7.86,148.674,2.594850812,2.594850812,-0.255516202,-14.64,0,343.9725449
501.457872,23.4,39.8180201,30.1190438,20.51019478,-7.746,147.78,2.579247569,2.579247569,-0.156032435,-8.94,4.086938681,348.0594835
501.457872,23.5,39.8180201,30.1190438,20.44528084,-7.53,147.23,2.569648258,2.569648258,-0.095993109,-5.5,0,348.0594835
501.457872,23.6,39.8179869,30.1190634,20.38064613,-7.622,147.054,2.566576478,2.566576478,-0.030717795,-1.76,4.053471284,352.1129548
501.457872,23.7,39.817954,30.1190832,20.30027161,-7.508,147.136,2.568007648,2.568007648,0.0143117,0.82,4.030251511,356.1432063
501.457872,23.8,39.817954,30.1190832,20.21989708,-6.962,147.36,2.571917186,2.571917186,0.039095375,2.24,0,356.1432063
501.457872,23.9,39.8179213,30.1191033,20.15993805,-6.446,147.518,2.574674806,2.574674806,0.027576202,1.58,4.020948087,360.1641544
501.457872,24,39.8179213,30.1191033,20.09997902,-6.15,147.524,2.574779526,2.574779526,0.001047198,0.06,0,360.1641544
501.457872,24.1,39.8178887,30.1191236,20.07040634,-5.646,147.284,2.570590736,2.570590736,-0.041887902,-2.4,4.018236646,364.1823911
501.457872,24.2,39.8178887,30.1191236,20.05657349,-5.156,146.794,2.562038622,2.562038622,-0.085521133,-4.9,0,364.1823911
501.457872,24.3,39.8178887,30.1191236,20.04274063,-4.648,146.064,2.549297719,2.549297719,-0.127409035,-7.3,0,364.1823911
501.457872,24.4,39.8178562,30.1191442,20.0559761,-4.398,145.228,2.534706766,2.534706766,-0.145909525,-8.36,4.019357997,368.2017491
501.457872,24.5,39.8178237,30.1191652,20.08545494,-4.138,144.294,2.518405391,2.518405391,-0.163013752,-9.34,4.034429315,372.2361784
501.457872,24.6,39.8178237,30.1191652,20.11714859,-3.956,143.444,2.503570092,2.503570092,-0.148352986,-8.5,0,372.2361784
501.457872,24.7,39.8177912,30.1191867,20.15850945,-3.61,142.61,2.489014046,2.489014046,-0.14556046,-8.34,4.0535945,376.2897729
501.457872,24.8,39.8177912,30.1191867,20.1998703,-3.462,141.894,2.476517489,2.476517489,-0.124965574,-7.16,0,376.2897729
501.457872,24.9,39.8177589,30.1192087,20.22943687,-3.29,141.254,2.465347382,2.465347382,-0.111701072,-6.4,4.053398926,380.3431718
501.457872,25,39.8177589,30.1192087,20.24276009,-3.16,140.774,2.456969801,2.456969801,-0.083775804,-4.8,0,380.3431718
501.457872,25.1,39.8177266,30.119231,20.27650604,-3.114,140.366,2.449848858,2.449848858,-0.071209433,-4.08,4.065339908,384.4085117
501.457872,25.2,39.8177266,30.119231,20.30058479,-3.104,140.086,2.444961936,2.444961936,-0.048869219,-2.8,0,384.4085117
501.457872,25.3,39.8177266,30.119231,20.32466354,-3.04,139.872,2.441226931,2.441226931,-0.037350046,-2.14,0,384.4085117
501.457872,25.4,39.8176943,30.1192536,20.3551384,-3.002,139.724,2.438643844,2.438643844,-0.025830873,-1.48,4.077406954,388.4859187
501.457872,25.5,39.817662,30.1192764,20.37964706,-2.7,139.606,2.436584356,2.436584356,-0.020594885,-1.18,4.08552128,392.5714399
501.457872,25.6,39.817662,30.1192764,20.38373299,-2.204,139.498,2.4346994,2.4346994,-0.018849556,-1.08,0,392.5714399
501.457872,25.7,39.8176297,30.1192993,20.41419296,-1.612,139.28,2.430894582,2.430894582,-0.038048178,-2.18,4.089599387,396.6610393
501.457872,25.8,39.8176297,30.1192993,20.44465294,-1.024,138.976,2.425588781,2.425588781,-0.053058009,-3.04,0,396.6610393
501.457872,25.9,39.8175972,30.1193224,20.4826149,-0.382,138.492,2.417141388,2.417141388,-0.084473936,-4.84,4.11730213,400.7783415
501.457872,26,39.8175972,30.1193224,20.52654305,0.226,137.908,2.406948665,2.406948665,-0.101927228,-5.84,0,400.7783415
501.457872,26.1,39.8175646,30.1193458,20.60067291,0.648,137.24,2.395289865,2.395289865,-0.116587994,-6.68,4.139375482,404.9177169
501.457872,26.2,39.8175646,30.1193458,20.64842873,0.636,136.668,2.385306582,2.385306582,-0.099832833,-5.72,0,404.9177169
501.457872,26.3,39.8175646,30.1193458,20.69618454,0.35,136.172,2.376649749,2.376649749,-0.086568331,-4.96,0,404.9177169
501.457872,26.4,39.8175319,30.1193694,20.73177032,0.062,135.854,2.371099602,2.371099602,-0.05550147,-3.18,4.157371736,409.0750887
501.457872,26.5,39.8174993,30.1193931,20.76216393,-0.07,135.648,2.367504224,2.367504224,-0.035953783,-2.06,4.151807719,413.2268964
501.457872,26.6,39.8174993,30.1193931,20.7623558,-0.134,135.548,2.365758894,2.365758894,-0.017453293,-1,0,413.2268964
501.457872,26.7,39.8174666,30.1194169,20.78006744,0.032,135.47,2.364397538,2.364397538,-0.013613568,-0.78,4.165681071,417.3925775
501.457872,26.8,39.8174666,30.1194169,20.79777908,0.674,135.452,2.364083378,2.364083378,-0.003141593,-0.18,0,417.3925775
501.457872,26.9,39.8174339,30.1194407,20.79788589,1.824,135.49,2.364746604,2.364746604,0.006632251,0.38,4.165681543,421.558259
501.457872,27,39.8174339,30.1194407,20.80318489,2.87,135.614,2.366910812,2.366910812,0.021642083,1.24,0,421.558259
501.457872,27.1,39.8174013,30.1194645,20.80407867,3.502,136.068,2.374834607,2.374834607,0.079237948,4.54,4.155979751,425.7142388
501.457872,27.2,39.8174013,30.1194645,20.7874527,3.742,136.802,2.387645323,2.387645323,0.128107167,7.34,0,425.7142388
501.457872,27.3,39.8173685,30.1194884,20.81072617,3.602,137.918,2.407123198,2.407123198,0.194778745,11.16,4.179556365,429.8937951
501.457872,27.4,39.8173685,30.1194884,20.8462204,2.946,139.24,2.43019645,2.43019645,0.230732527,13.22,0,429.8937951
501.457872,27.5,39.8173354,30.1195123,20.91199989,2.06,140.77,2.456899988,2.456899988,0.267035376,15.3,4.20869788,434.102493
501.457872,27.6,39.8173354,30.1195123,20.9821846,1.572,142.12,2.480461933,2.480461933,0.235619449,13.5,0,434.102493
501.457872,27.7,39.8173021,30.1195363,21.08259544,1.464,143.344,2.501824763,2.501824763,0.2136283,12.24,4.232290216,438.3347832
501.457872,27.8,39.8173021,30.1195363,21.14310684,1.52,144.226,2.517218567,2.517218567,0.15393804,8.82,0,438.3347832
501.457872,27.9,39.8172685,30.1195603,21.21793594,1.548,144.9,2.528982086,2.528982086,0.117635192,6.74,4.261506342,442.5962896
501.457872,28,39.8172685,30.1195603,21.26247978,1.666,145.25,2.535090739,2.535090739,0.061086524,3.5,0,442.5962896
501.457872,28.1,39.8172346,30.119584,21.31405258,1.78,145.296,2.53589359,2.53589359,0.008028515,0.46,4.278601824,446.8748914
501.457872,28.2,39.8172346,30.119584,21.33539925,1.92,145.052,2.531634987,2.531634987,-0.042586034,-2.44,0,446.8748914
501.457872,28.3,39.8172346,30.119584,21.35674591,1.954,144.53,2.522524368,2.522524368,-0.091106187,-5.22,0,446.8748914
501.457872,28.4,39.8172007,30.1196077,21.3713459,1.778,143.872,2.511040101,2.511040101,-0.114842665,-6.58,4.278602297,451.1534937
501.457872,28.5,39.8171668,30.1196314,21.39143372,1.59,143.236,2.499939807,2.499939807,-0.11100294,-6.36,4.278602768,455.4320965
501.457872,28.6,39.8171668,30.1196314,21.40449257,1.516,142.82,2.492679238,2.492679238,-0.072605697,-4.16,0,455.4320965
501.457872,28.7,39.8171327,30.1196552,21.44064636,1.74,142.684,2.49030559,2.49030559,-0.023736478,-1.36,4.302237706,459.7343342
501.457872,28.8,39.8171327,30.1196552,21.47680016,2.316,142.89,2.493900968,2.493900968,0.035953783,2.06,0,459.7343342
501.457872,28.9,39.8170984,30.119679,21.5105278,3.614,143.46,2.503849345,2.503849345,0.099483767,5.7,4.321851129,464.0561853
501.457872,29,39.8170984,30.119679,21.53876762,5.318,144.238,2.517428006,2.517428006,0.135786616,7.78,0,464.0561853
501.457872,29.1,39.8170984,30.119679,21.56700745,7.418,145.214,2.53446242,2.53446242,0.170344135,9.76,0,464.0561853
501.457872,29.2,39.817064,30.1197025,21.57899323,9.478,146.192,2.55153174,2.55153174,0.170693201,9.78,4.31970309,468.3758884
501.457872,29.3,39.817064,30.1197025,21.590979,11.556,147.218,2.569438818,2.569438818,0.179070781,10.26,0,468.3758884
501.457872,29.4,39.8170291,30.1197253,21.62494583,13.418,148.08,2.584483556,2.584483556,0.150447382,8.62,4.341871299,472.7177597
501.457872,29.5,39.8169936,30.119747,21.68178329,15.212,148.84,2.597748059,2.597748059,0.132645023,7.6,4.36085438,477.0786141
501.457872,29.6,39.8169936,30.119747,21.73862076,16.704,149.398,2.607486996,2.607486996,0.097389372,5.58,0,477.0786141
501.457872,29.7,39.8169575,30.1197677,21.81267891,18.366,149.95,2.617121213,2.617121213,0.096342175,5.52,4.3862212,481.4648353
501.457872,29.8,39.8169575,30.1197677,21.88673706,19.926,150.474,2.626266739,2.626266739,0.091455253,5.24,0,481.4648353
501.457872,29.9,39.8169208,30.1197872,21.9449913,21.618,151.206,2.639042549,2.639042549,0.127758101,7.32,4.407621059,485.8724563
501.457872,30,39.8169208,30.1197872,21.98037491,23.162,152.114,2.654890138,2.654890138,0.158475896,9.08,0,485.8724563
501.457872,30.1,39.8168835,30.1198052,22.03353271,24.9,153.444,2.678103017,2.678103017,0.232128791,13.3,4.423322563,490.2957789
501.457872,30.2,39.8168835,30.1198052,22.06262894,26.496,154.988,2.705050901,2.705050901,0.269478837,15.44,0,490.2957789
501.457872,30.3,39.8168835,30.1198052,22.09172516,28.456,156.942,2.739154635,2.739154635,0.341037336,19.54,0,490.2957789
501.457872,30.4,39.8168457,30.1198214,22.11308098,30.254,158.948,2.774165939,2.774165939,0.350113048,20.06,4.42504362,494.7208225
501.457872,30.5,39.8168071,30.119835,22.1511158,32.168,161.164,2.812842436,2.812842436,0.386764962,22.16,4.446519506,499.167342
501.457872,30.6,39.8168071,30.119835,22.17137642,33.928,163.228,2.848866031,2.848866031,0.360235958,20.64,0,499.167342
501.457872,30.7,39.8167678,30.1198453,22.2191246,35.412,165.36,2.886076451,2.886076451,0.372104197,21.32,4.457627041,503.6249691
501.457872,30.8,39.8167678,30.1198453,22.26687279,36.146,167.226,2.918644295,2.918644295,0.325678438,18.66,0,503.6249691
501.457872,30.9,39.8167278,30.1198522,22.31944427,36.364,169.194,2.952992375,2.952992375,0.343480797,19.68,4.486668538,508.1116376
501.457872,31,39.8167278,30.1198522,22.35533676,36.252,170.99,2.984338488,2.984338488,0.313461134,17.96,0,508.1116376
501.457872,31.1,39.8166876,30.119856,22.37893829,35.83,172.956,3.018651661,3.018651661,0.343131731,19.66,4.481802809,512.5934404
501.457872,31.2,39.8166876,30.119856,22.37505226,35.358,174.86,3.05188273,3.05188273,0.33231069,19.04,0,512.5934404
501.457872,31.3,39.8166876,30.119856,22.37116623,35.132,177.006,3.089337496,3.089337496,0.374547657,21.46,0,512.5934404
501.457872,31.4,39.8166475,30.119857,22.34287643,35.28,179.022,3.124523334,3.124523334,0.351858377,20.16,4.459734464,517.0531749
501.457872,31.5,39.8166075,30.1198546,22.31109352,35.534,181.264,3.163653615,3.163653615,0.391302818,22.42,4.452517914,521.5056928
501.457872,31.6,39.8166075,30.1198546,22.29160156,35.79,183.4,3.200933848,3.200933848,0.372802328,21.36,0,521.5056928
501.457872,31.7,39.8165677,30.1198494,22.24067459,35.462,185.89,3.244392547,3.244392547,0.434586984,24.9,4.447787224,525.95348
501.457872,31.8,39.8165677,30.1198494,22.18974762,34.474,188.384,3.287921058,3.287921058,0.435285115,24.94,0,525.95348
501.457872,31.9,39.8165285,30.1198421,22.13111382,32.368,191.306,3.338919579,3.338919579,0.509985207,29.22,4.403206486,530.3566865
501.457872,32,39.8165285,30.1198421,22.07597313,29.592,194.162,3.388766182,3.388766182,0.498466034,28.56,0,530.3566865
501.457872,32.1,39.8164898,30.1198328,21.96804771,25.958,197.254,3.442731763,3.442731763,0.539655805,30.92,4.375936495,534.732623
501.457872,32.2,39.8164898,30.1198328,21.89155731,22.27,199.942,3.489646213,3.489646213,0.469144503,26.88,0,534.732623
501.457872,32.3,39.8164898,30.1198328,21.81506691,18.224,202.408,3.532686032,3.532686032,0.430398194,24.66,0,534.732623
501.457872,32.4,39.8164516,30.1198222,21.74210091,14.59,204.224,3.564381212,3.564381212,0.316951792,18.16,4.343054904,539.0756779
501.457872,32.5,39.8164139,30.1198108,21.6406086,10.618,205.582,3.588082783,3.588082783,0.237015712,13.58,4.30363652,543.3793144
501.457872,32.6,39.8164139,30.1198108,21.59190102,6.896,206.274,3.600160461,3.600160461,0.120776784,6.92,0,543.3793144
501.457872,32.7,39.8163762,30.1197993,21.55613976,2.776,206.564,3.605221916,3.605221916,0.050614548,2.9,4.30557698,547.6848914
501.457872,32.8,39.8163762,30.1197993,21.52037849,-0.966,206.44,3.603057708,3.603057708,-0.021642083,-1.24,0,547.6848914
501.457872,32.9,39.8163383,30.1197882,21.52711067,-4.594,206.066,3.596530176,3.596530176,-0.065275314,-3.74,4.31960631,552.0044977
501.457872,33,39.8163383,30.1197882,21.56236916,-7.606,205.588,3.588187503,3.588187503,-0.083426738,-4.78,0,552.0044977
501.457872,33.1,39.8163,30.1197779,21.61650658,-10.522,204.984,3.577645714,3.577645714,-0.105417887,-6.04,4.348675523,556.3531732
501.457872,33.2,39.8163,30.1197779,21.65769768,-12.698,204.334,3.566301074,3.566301074,-0.113446401,-6.5,0,556.3531732
501.457872,33.3,39.8163,30.1197779,21.69888878,-14.884,203.544,3.552512973,3.552512973,-0.137881011,-7.9,0,556.3531732
501.457872,33.4,39.8162614,30.1197689,21.73480568,-16.834,202.75,3.538655058,3.538655058,-0.138579143,-7.94,4.360412868,560.7135861
501.457872,33.5,39.8162224,30.1197614,21.816325,-18.734,201.798,3.522039524,3.522039524,-0.166155345,-9.52,4.383656615,565.0972427
501.457872,33.6,39.8162224,30.1197614,21.87896538,-20.148,200.806,3.504725858,3.504725858,-0.173136662,-9.92,0,565.0972427
501.457872,33.7,39.8161828,30.1197558,21.96630211,-21.4,199.584,3.483397934,3.483397934,-0.213279235,-12.22,4.429219038,569.5264617
501.457872,33.8,39.8161828,30.1197558,22.05363884,-22.304,198.322,3.461371879,3.461371879,-0.220260552,-12.62,0,569.5264617
501.457872,33.9,39.8161428,30.1197523,22.15299454,-23.504,196.746,3.43386549,3.43386549,-0.27506389,-15.76,4.457831208,573.9842929
501.457872,34,39.8161428,30.1197523,22.20674782,-24.758,195.096,3.405067557,3.405067557,-0.287979327,-16.5,0,573.9842929
501.457872,34.1,39.8161028,30.1197511,22.25358925,-26.426,193.136,3.370859104,3.370859104,-0.342084533,-19.6,4.448977765,578.4332707
501.457872,34.2,39.8161028,30.1197511,22.27573433,-28.354,191.232,3.337628035,3.337628035,-0.33231069,-19.04,0,578.4332707
501.457872,34.3,39.8161028,30.1197511,22.29787941,-30.162,189.116,3.300696868,3.300696868,-0.36931167,-21.16,0,578.4332707
501.457872,34.4,39.8160624,30.1197526,22.3448822,-31.582,187.014,3.264010047,3.264010047,-0.366868209,-21.02,4.494101486,582.9273722
501.457872,34.5,39.816022,30.1197572,22.38346329,-32.922,184.532,3.220690975,3.220690975,-0.43319072,-24.82,4.509422566,587.4367948
501.457872,34.6,39.816022,30.1197572,22.42895622,-33.786,182.136,3.178872886,3.178872886,-0.418180889,-23.96,0,587.4367948
501.457872,34.7,39.8159817,30.119765,22.49457664,-34.492,179.338,3.130038574,3.130038574,-0.488343125,-27.98,4.530404839,591.9671996
501.457872,34.8,39.8159817,30.119765,22.56019707,-35.142,176.562,3.081588234,3.081588234,-0.4845034,-27.76,0,591.9671996
501.457872,34.9,39.815942,30.1197766,22.57173233,-35.658,173.578,3.029507609,3.029507609,-0.520806249,-29.84,4.524251502,596.4914511
501.457872,35,39.815942,30.1197766,22.5916893,-36.19,170.89,2.982593159,2.982593159,-0.469144503,-26.88,0,596.4914511
501.457872,35.1,39.815903,30.1197921,22.61033974,-36.662,168.036,2.932781462,2.932781462,-0.498116969,-28.54,4.534168884,601.02562
501.457872,35.2,39.815903,30.1197921,22.60886269,-36.798,165.492,2.888380286,2.888380286,-0.444011762,-25.44,0,601.02562
501.457872,35.3,39.815903,30.1197921,22.60738564,-36.884,162.642,2.838638402,2.838638402,-0.497418837,-28.5,0,601.02562
501.457872,35.4,39.8158652,30.1198106,22.54234581,-36.97,159.942,2.791514512,2.791514512,-0.471238898,-27,4.490352124,605.5159721
501.457872,35.5,39.815829,30.1198322,22.43854218,-37.002,156.956,2.739398981,2.739398981,-0.521155315,-29.86,4.427882752,609.9438549
501.457872,35.6,39.815829,30.1198322,22.33604507,-37.278,154.114,2.689796723,2.689796723,-0.496022573,-28.42,0,609.9438549
501.457872,35.7,39.815829,30.1198322,22.23354797,-37.328,151.038,2.636110396,2.636110396,-0.536863278,-30.76,0,609.9438549
501.457872,35.8,39.8157944,30.1198567,22.06981201,-37.094,148.284,2.588044028,2.588044028,-0.480663676,-27.54,4.379584611,614.3234395
501.457872,35.9,39.8157614,30.1198832,21.89300499,-36.486,145.354,2.536905881,2.536905881,-0.511381471,-29.3,4.311323666,618.6347631
501.457872,36,39.8157614,30.1198832,21.75496178,-35.868,142.668,2.490026337,2.490026337,-0.468795437,-26.86,0,618.6347631
501.457872,36.1,39.8157299,30.1199113,21.55535393,-35.136,139.786,2.439725948,2.439725948,-0.50300389,-28.82,4.24600331,622.8807665
501.457872,36.2,39.8157299,30.1199113,21.35574608,-34.868,137.112,2.393055844,2.393055844,-0.466701042,-26.74,0,622.8807665
501.457872,36.3,39.8157299,30.1199113,21.21737709,-35.08,134.262,2.34331396,2.34331396,-0.497418837,-28.5,0,622.8807665
501.457872,36.4,39.8156999,30.1199407,21.08682098,-35.626,131.652,2.297760867,2.297760867,-0.455530935,-26.1,4.175311859,627.0560783
501.457872,36.5,39.8156719,30.1199717,20.85514183,-36.018,128.94,2.250427538,2.250427538,-0.473333293,-27.12,4.087046129,631.1431244
501.457872,36.6,39.8156719,30.1199717,20.68502731,-36.292,126.51,2.208016037,2.208016037,-0.424115008,-24.3,0,631.1431244
501.457872,36.7,39.8156464,30.1200046,20.43113403,-36.236,124.052,2.165115844,2.165115844,-0.42900193,-24.58,3.991978215,635.1351027
501.457872,36.8,39.8156464,30.1200046,20.17724075,-35.78,121.924,2.127975237,2.127975237,-0.371406065,-21.28,0,635.1351027
501.457872,36.9,39.8156233,30.1200391,19.89587555,-35.044,119.782,2.090590285,2.090590285,-0.373849526,-21.42,3.909014877,639.0441175
501.457872,37,39.8156233,30.1200391,19.71563339,-34.09,117.894,2.057638468,2.057638468,-0.329518163,-18.88,0,639.0441175
501.457872,37.1,39.8156021,30.1200744,19.4719017,-32.482,115.83,2.021614873,2.021614873,-0.360235958,-20.64,3.827145491,642.871263
501.457872,37.2,39.8156021,30.1200744,19.31194878,-30.7,113.812,1.986394128,1.986394128,-0.352207443,-20.18,0,642.871263
501.457872,37.3,39.8156021,30.1200744,19.15199585,-28.972,111.462,1.945378891,1.945378891,-0.410152374,-23.5,0,642.871263
501.457872,37.4,39.8155824,30.12011,18.98187943,-27.636,109.234,1.906492955,1.906492955,-0.388859357,-22.28,3.747487001,646.61875
501.457872,37.5,39.8155646,30.120146,18.74396896,-27.014,106.984,1.867223047,1.867223047,-0.392699082,-22.5,3.656724094,650.2754741
501.457872,37.6,39.8155646,30.120146,18.56954803,-27.144,105.216,1.836365626,1.836365626,-0.308574212,-17.68,0,650.2754741
501.457872,37.7,39.815549,30.1201828,18.31433945,-27.598,103.82,1.812000829,1.812000829,-0.243647964,-13.96,3.589980251,653.8654544
501.457872,37.8,39.815549,30.1201828,18.05913086,-28.168,103.004,1.797758943,1.797758943,-0.142418867,-8.16,0,653.8654544
501.457872,37.9,39.8155354,30.1202203,17.86845627,-28.26,102.442,1.787950192,1.787950192,-0.098087504,-5.62,3.541933365,657.4073877
501.457872,38,39.8155354,30.1202203,17.74557571,-27.578,102.112,1.782190606,1.782190606,-0.057595865,-3.3,0,657.4073877
501.457872,38.1,39.8155236,30.120258,17.54746056,-26.704,101.622,1.773638492,1.773638492,-0.085521133,-4.9,3.477026614,660.8844143
501.457872,38.2,39.8155236,30.120258,17.43013306,-26.114,100.924,1.761456094,1.761456094,-0.121823982,-6.98,0,660.8844143
501.457872,38.3,39.8155236,30.120258,17.31280556,-26.23,99.708,1.740232891,1.740232891,-0.212232037,-12.16,0,660.8844143
501.457872,38.4,39.8155132,30.1202956,17.20478897,-26.99,98.11,1.712342529,1.712342529,-0.278903614,-15.98,3.413283511,664.2976979
501.457872,38.5,39.8155039,30.1203331,17.04203835,-28.106,95.82,1.672374489,1.672374489,-0.399680399,-22.9,3.365677976,667.6633758
501.457872,38.6,39.8155039,30.1203331,16.95452232,-29.388,93.168,1.626088357,1.626088357,-0.462861318,-26.52,0,667.6633758
501.457872,38.7,39.8154959,30.1203705,16.81939392,-30.606,89.836,1.567933987,1.567933987,-0.581543707,-33.32,3.315882827,670.9792587
501.457872,38.8,39.8154959,30.1203705,16.68426552,-31.228,86.432,1.508522979,1.508522979,-0.594110077,-34.04,0,670.9792587
501.457872,38.9,39.8154898,30.1204076,16.49663162,-31.746,82.536,1.440524951,1.440524951,-0.679980277,-38.96,3.240493925,674.2197526
501.457872,39,39.8154898,30.1204076,16.36373177,-32.434,78.808,1.375459077,1.375459077,-0.650658745,-37.28,0,674.2197526
501.457872,39.1,39.8154864,30.1204441,16.13596268,-32.916,74.878,1.306867637,1.306867637,-0.685914396,-39.3,3.140305144,677.3600577
501.457872,39.2,39.8154864,30.1204441,15.95580597,-32.922,71.406,1.246269806,1.246269806,-0.605978316,-34.72,0,677.3600577
501.457872,39.3,39.8154864,30.1204441,15.77564926,-32.554,67.928,1.185567254,1.185567254,-0.607025514,-34.78,0,677.3600577
501.457872,39.4,39.8154858,30.1204798,15.55790768,-31.782,65.06,1.135511211,1.135511211,-0.500560429,-28.68,3.049866423,680.4099242
501.457872,39.5,39.8154877,30.1205143,15.24935532,-30.196,62.396,1.08901564,1.08901564,-0.464955713,-26.64,2.95420878,683.3641329
501.457872,39.6,39.8154877,30.1205143,15.03567219,-28.348,60.276,1.05201466,1.05201466,-0.370009801,-21.2,0,683.3641329
501.457872,39.7,39.8154912,30.1205479,14.74667034,-26.442,58.232,1.01634013,1.01634013,-0.356745299,-20.44,2.896044575,686.2601775
501.457872,39.8,39.8154912,30.1205479,14.4576685,-24.744,56.558,0.987123318,0.987123318,-0.292168117,-16.74,0,686.2601775
501.457872,39.9,39.8154959,30.1205806,14.22341213,-23.146,54.742,0.955428139,0.955428139,-0.316951792,-18.16,2.841382314,689.1015598
501.457872,40,39.8154959,30.1205806,14.07996655,-22.09,52.966,0.924431092,0.924431092,-0.309970475,-17.76,0,689.1015598
501.457872,40.1,39.8155012,30.120612,13.87553902,-21.326,50.86,0.887674458,0.887674458,-0.36756634,-21.06,2.745861833,691.8474217
501.457872,40.2,39.8155012,30.120612,13.74643021,-20.904,48.756,0.85095273,0.85095273,-0.367217275,-21.04,0,691.8474217
501.457872,40.3,39.8155012,30.120612,13.6173214,-20.476,46.368,0.809274268,0.809274268,-0.416784625,-23.88,0,691.8474217
501.457872,40.4,39.8155074,30.1206425,13.50896645,-20.228,44.158,0.770702491,0.770702491,-0.385717765,-22.1,2.694685482,694.5421071
501.457872,40.5,39.815515,30.120672,13.30746994,-19.994,41.882,0.730978797,0.730978797,-0.397236938,-22.76,2.657539338,697.1996465
501.457872,40.6,39.815515,30.120672,13.16695538,-19.804,39.952,0.697293943,0.697293943,-0.336848546,-19.3,0,697.1996465
501.457872,40.7,39.8155233,30.1206999,12.94231281,-19.4,38.152,0.665878016,0.665878016,-0.314159265,-18,2.555419493,699.755066
501.457872,40.8,39.8155233,30.1206999,12.71767025,-18.856,36.75,0.6414085,0.6414085,-0.244695161,-14.02,0,699.755066
501.457872,40.9,39.8155324,30.1207265,12.47892151,-17.986,35.432,0.618405061,0.618405061,-0.230034395,-13.18,2.487054065,702.24212
501.457872,41,39.8155324,30.1207265,12.33331432,-17.122,34.384,0.60011401,0.60011401,-0.182910506,-10.48,0,702.24212
501.457872,41.1,39.8155423,30.1207517,12.12822342,-16.674,33.284,0.580915388,0.580915388,-0.191986218,-11,2.417509281,704.6596293
501.457872,41.2,39.8155423,30.1207517,12.00726051,-16.524,32.29,0.563566815,0.563566815,-0.173485728,-9.94,0,704.6596293
501.457872,41.3,39.8155423,30.1207517,11.88629761,-16.388,31.26,0.545589924,0.545589924,-0.179768913,-10.3,0,704.6596293
501.457872,41.4,39.8155529,30.1207755,11.75801201,-16.34,30.352,0.529742335,0.529742335,-0.158475896,-9.08,2.349755453,707.0093848
501.457872,41.5,39.8155639,30.120798,11.58329372,-15.958,29.534,0.515465541,0.515465541,-0.142767933,-8.18,2.277959607,709.2873444
501.457872,41.6,39.8155639,30.120798,11.46805916,-14.918,28.976,0.505726604,0.505726604,-0.097389372,-5.58,0,709.2873444
501.457872,41.7,39.8155756,30.1208196,11.3208107,-13.432,28.552,0.498326408,0.498326408,-0.07400196,-4.24,2.25743995,711.5447843
501.457872,41.8,39.8155756,30.1208196,11.17356224,-11.976,28.284,0.493648926,0.493648926,-0.046774824,-2.68,0,711.5447843
501.457872,41.9,39.8155876,30.1208407,11.09729366,-10.6,27.978,0.488308218,0.488308218,-0.053407075,-3.06,2.242364656,713.787149
501.457872,42,39.8155876,30.1208407,11.06745777,-9.61,27.616,0.481990126,0.481990126,-0.063180919,-3.62,0,713.787149
501.457872,42.1,39.8155997,30.1208614,11.01596718,-9.102,27.002,0.471273805,0.471273805,-0.107163216,-6.14,2.221716975,716.008866
501.457872,42.2,39.8155997,30.1208614,10.99649048,-8.916,26.244,0.458044209,0.458044209,-0.132295957,-7.58,0,716.008866
501.457872,42.3,39.8155997,30.1208614,10.97701378,-8.572,25.36,0.442615498,0.442615498,-0.154287106,-8.84,0,716.008866
501.457872,42.4,39.8156122,30.1208816,10.94196644,-8.19,24.536,0.428233985,0.428233985,-0.14381513,-8.24,2.215515862,718.2243818
501.457872,42.5,39.815625,30.1209013,10.91227074,-7.794,23.704,0.413712846,0.413712846,-0.145211394,-8.32,2.203819989,720.4282018
501.457872,42.6,39.815625,30.1209013,10.90422974,-7.348,23.04,0.40212386,0.40212386,-0.115889862,-6.64,0,720.4282018
501.457872,42.7,39.815638,30.1209206,10.90178032,-7.136,22.394,0.390849033,0.390849033,-0.11274827,-6.46,2.192446556,722.6206484
501.457872,42.8,39.815638,30.1209206,10.8993309,-7.57,21.832,0.381040282,0.381040282,-0.098087504,-5.62,0,722.6206484
501.457872,42.9,39.815652,30.1209391,10.90604248,-8.68,21.306,0.37185985,0.37185985,-0.091804319,-5.26,2.218121167,724.8387695
501.457872,43,39.815652,30.1209391,10.90740242,-9.86,20.958,0.365786105,0.365786105,-0.060737458,-3.48,0,724.8387695
501.457872,43.1,39.8156667,30.1209565,10.87748508,-10.854,20.858,0.364040775,0.364040775,-0.017453293,-1,2.209159723,727.0479293
501.457872,43.2,39.8156667,30.1209565,10.84197617,-11.754,21.028,0.367007835,0.367007835,0.029670597,1.7,0,727.0479293
501.457872,43.3,39.8156667,30.1209565,10.80646725,-12.362,21.402,0.373535367,0.373535367,0.065275314,3.74,0,727.0479293
501.457872,43.4,39.8156819,30.120973,10.78942833,-12.404,21.87,0.381703507,0.381703507,0.081681409,4.68,2.200606059,729.2485353
501.457872,43.5,39.8156976,30.1209887,10.77392979,-12.174,22.278,0.388824451,0.388824451,0.071209433,4.08,2.20131327,731.4498486
501.457872,43.6,39.8156976,30.1209887,10.78970852,-11.676,22.45,0.391826417,0.391826417,0.030019663,1.72,0,731.4498486
501.457872,43.7,39.8157137,30.1210039,10.79794292,-10.828,22.21,0.387637627,0.387637627,-0.041887902,-2.4,2.211413205,733.6612618
501.457872,43.8,39.8157137,30.1210039,10.80617733,-9.822,21.624,0.377409997,0.377409997,-0.102276294,-5.86,0,733.6612618
501.457872,43.9,39.81573,30.1210188,10.82641201,-9.094,20.574,0.35908404,0.35908404,-0.183259571,-10.5,2.214632276,735.8758941
501.457872,44,39.81573,30.1210188,10.84510632,-8.714,19.226,0.335557002,0.335557002,-0.235270383,-13.48,0,735.8758941
501.457872,44.1,39.8157464,30.1210332,10.84717445,-8.784,17.522,0.305816592,0.305816592,-0.297404105,-17.04,2.199581242,738.0754753
501.457872,44.2,39.8157464,30.1210332,10.85678692,-9.368,15.816,0.276041274,0.276041274,-0.29775317,-17.06,0,738.0754753
501.457872,44.3,39.8157464,30.1210332,10.86639938,-9.754,14.054,0.245288573,0.245288573,-0.307527014,-17.62,0,738.0754753
501.457872,44.4,39.8157632,30.1210467,10.84809704,-9.596,12.59,0.219736953,0.219736953,-0.255516202,-14.64,2.195263609,740.2707389
501.457872,44.5,39.8157802,30.1210594,10.80781631,-9.184,11.344,0.19799015,0.19799015,-0.217468025,-12.46,2.179418564,742.4501575
501.457872,44.6,39.8157802,30.1210594,10.78416176,-9.066,10.484,0.182980319,0.182980319,-0.150098316,-8.6,0,742.4501575
501.457872,44.7,39.8157975,30.1210713,10.76574478,-9.408,9.914,0.173031942,0.173031942,-0.099483767,-5.7,2.175668118,744.6258256
501.457872,44.8,39.8157975,30.1210713,10.7473278,-10.308,9.68,0.168947872,0.168947872,-0.040840704,-2.34,0,744.6258256
501.457872,44.9,39.8158152,30.1210822,10.715452,-11.548,9.674,0.168843152,0.168843152,-0.001047198,-0.06,2.177225343,746.8030509
501.457872,45,39.8158152,30.1210822,10.70555458,-12.87,9.824,0.171461146,0.171461146,0.026179939,1.5,0,746.8030509
501.457872,45.1,39.8158331,30.1210923,10.72246017,-13.466,9.994,0.174428205,0.174428205,0.029670597,1.7,2.169283545,748.9723345
501.457872,45.2,39.8158331,30.1210923,10.73412819,-12.964,10.052,0.175440496,0.175440496,0.01012291,0.58,0,748.9723345
501.457872,45.3,39.8158331,30.1210923,10.7457962,-11.716,9.808,0.171181893,0.171181893,-0.042586034,-2.44,0,748.9723345
501.457872,45.4,39.8158513,30.1211017,10.74589977,-10.156,9.264,0.161687302,0.161687302,-0.094945911,-5.44,2.177182195,751.1495167
501.457872,45.5,39.8158694,30.1211104,10.74518948,-8.538,8.364,0.145979339,0.145979339,-0.157079633,-9,2.145417109,753.2949338
501.457872,45.6,39.8158694,30.1211104,10.71767616,-7.302,7.334,0.128002447,0.128002447,-0.179768913,-10.3,0,753.2949338
501.457872,45.7,39.8158877,30.1211185,10.67800045,-6.94,6.21,0.108384947,0.108384947,-0.196175008,-11.24,2.149254535,755.4441883
501.457872,45.8,39.8158877,30.1211185,10.63832474,-7.734,5.26,0.091804319,0.091804319,-0.165806279,-9.5,0,755.4441883
501.457872,45.9,39.8159062,30.1211253,10.63878288,-8.982,4.588,0.080075706,0.080075706,-0.117286126,-6.72,2.137521056,757.5817094
501.457872,46,39.8159062,30.1211253,10.64005489,-10.038,4.332,0.075607663,0.075607663,-0.044680429,-2.56,0,757.5817094
501.457872,46.1,39.815925,30.121131,10.60599556,-10.838,4.346,0.075852009,0.075852009,0.002443461,0.14,2.146403869,759.7281132
501.457872,46.2,39.815925,30.121131,10.58409863,-11.194,4.562,0.07962192,0.07962192,0.037699112,2.16,0,759.7281132
501.457872,46.3,39.815925,30.121131,10.56220169,-10.874,4.718,0.082344634,0.082344634,0.027227136,1.56,0,759.7281132
501.457872,46.4,39.8159434,30.1211361,10.48602142,-10.444,4.59,0.080110613,0.080110613,-0.022340214,-1.28,2.091840905,761.8199541
501.457872,46.5,39.8159616,30.1211408,10.37094097,-10.526,4.02,0.070162236,0.070162236,-0.099483767,-5.7,2.063176196,763.8831303
501.457872,46.6,39.8159616,30.1211408,10.29119186,-10.834,3.156,0.055082591,0.055082591,-0.150796447,-8.64,0,763.8831303
501.457872,46.7,39.8159796,30.121145,10.19734154,-10.9,74.026,1.291997432,1.291997432,12.36914841,708.7,2.033400261,765.9165306
501.457872,46.8,39.8159796,30.121145,10.10349121,-11.132,144.834,2.527830169,2.527830169,12.35832737,708.08,0,765.9165306
501.457872,46.9,39.8159977,30.1211483,10.05062065,-11.38,215.488,3.760975099,3.760975099,12.3314493,706.54,2.032267721,767.9487983
501.457872,47,39.8159977,30.1211483,10.03665028,-11.404,286.182,4.99481816,4.99481816,12.33843061,706.94,0,767.9487983
501.457872,47.1,39.8160158,30.1211507,9.997967339,-11.452,356.632,6.224402618,6.224402618,12.29584458,704.5,2.023039781,769.9718381
501.457872,47.2,39.8160158,30.1211507,9.97338562,-11.44,355.096,6.197594361,6.197594361,-0.268082573,-15.36,0,769.9718381
501.457872,47.3,39.8160158,30.1211507,9.948803902,-11.426,353.44,6.168691708,6.168691708,-0.289026524,-16.56,0,769.9718381
501.457872,47.4,39.8160337,30.121152,9.898950768,-11.454,351.992,6.143419341,6.143419341,-0.252723676,-14.48,1.993483695,771.9653218
501.457872,47.5,39.8160514,30.121152,9.821559143,-11.474,350.704,6.1209395,6.1209395,-0.224798408,-12.88,1.968150202,773.933472
501.457872,47.6,39.8160514,30.121152,9.768880081,-11.54,349.884,6.1066278,6.1066278,-0.143116999,-8.2,0,773.933472
501.457872,47.7,39.8160689,30.1211507,9.699412727,-12.206,349.348,6.097272835,6.097272835,-0.093549648,-5.36,1.94907634,775.8825483
501.457872,47.8,39.8160689,30.1211507,9.629945374,-12.816,349.168,6.094131243,6.094131243,-0.031415927,-1.8,0,775.8825483
501.457872,47.9,39.8160861,30.1211479,9.579615784,-13.22,349.184,6.094410495,6.094410495,0.002792527,0.16,1.927446172,777.8099945
501.457872,48,39.8160861,30.1211479,9.556824684,-13.288,349.382,6.097866247,6.097866247,0.034557519,1.98,0,777.8099945
501.457872,48.1,39.816103,30.1211438,9.514037132,-12.628,349.584,6.101391812,6.101391812,0.035255651,2.02,1.911542727,779.7215372
501.457872,48.2,39.816103,30.1211438,9.488037872,-11.392,349.788,6.104952284,6.104952284,0.035604717,2.04,0,779.7215372
501.457872,48.3,39.816103,30.1211438,9.462038612,-9.836,350.106,6.110502431,6.110502431,0.05550147,3.18,0,779.7215372
501.457872,48.4,39.8161196,30.121139,9.411832428,-7.92,350.57,6.118600759,6.118600759,0.080983277,4.64,1.890814744,781.612352
501.457872,48.5,39.8161358,30.1211337,9.328676224,-6.134,351.284,6.13106241,6.13106241,0.124616509,7.14,1.857363435,783.4697154
501.457872,48.6,39.8161358,30.1211337,9.265516472,-4.832,352.146,6.146107148,6.146107148,0.150447382,8.62,0,783.4697154
501.457872,48.7,39.8161517,30.1211286,9.167017365,-3.018,353.076,6.16233871,6.16233871,0.16231562,9.3,1.820867234,785.2905827
501.457872,48.8,39.8161517,30.1211286,9.068518257,-0.894,353.758,6.174241855,6.174241855,0.119031455,6.82,0,785.2905827
501.457872,48.9,39.8161674,30.1211239,8.96735611,1.294,354.012,6.178674992,6.178674992,0.044331363,2.54,1.791317847,787.0819005
501.457872,49,39.8161674,30.1211239,8.899143982,3.274,353.782,6.174660734,6.174660734,-0.040142573,-2.3,0,787.0819005
501.457872,49.1,39.8161827,30.1211197,8.78874073,4.652,353.126,6.163211374,6.163211374,-0.114493599,-6.56,1.738689331,788.8205898
501.457872,49.2,39.8161827,30.1211197,8.713676834,5.158,352.228,6.147538318,6.147538318,-0.156730567,-8.98,0,788.8205898
501.457872,49.3,39.8161979,30.1211159,8.624446678,4.744,351.304,6.131411475,6.131411475,-0.161268423,-9.24,1.72104221,790.541632
501.457872,49.4,39.8161979,30.1211159,8.568089294,3.65,350.634,6.119717769,6.119717769,-0.11693706,-6.7,0,790.541632
501.457872,49.5,39.8162129,30.1211119,8.500126839,2.358,350.39,6.115459166,6.115459166,-0.042586034,-2.44,1.702552658,792.2441847
501.457872,49.6,39.8162129,30.1211119,8.474355507,1.302,350.646,6.119927209,6.119927209,0.044680429,2.56,0,792.2441847
501.457872,49.7,39.8162279,30.1211078,8.471969223,0.348,351.464,6.134204002,6.134204002,0.142767933,8.18,1.704287011,793.9484717
501.457872,49.8,39.8162279,30.1211078,8.483749199,-0.198,352.63,6.154554541,6.154554541,0.203505391,11.66,0,793.9484717
501.457872,49.9,39.8162432,30.1211039,8.511408043,-0.544,353.944,6.177488168,6.177488168,0.229336264,13.14,1.733584213,795.6820559
501.457872,50,39.8162432,30.1211039,8.550671959,-0.804,355.01,6.196093378,6.196093378,0.186052098,10.66,0,795.6820559
501.457872,50.1,39.8162585,30.1211003,8.583184242,-0.964,355.674,6.207682364,6.207682364,0.115889862,6.64,1.72884386,797.4108998
501.457872,50.2,39.8162585,30.1211003,8.592311478,-0.936,355.764,6.20925316,6.20925316,0.015707963,0.9,0,797.4108998
501.457872,50.3,39.8162585,30.1211003,8.601438713,-1.578,355.244,6.200177448,6.200177448,-0.090757121,-5.2,0,797.4108998
501.457872,50.4,39.8162738,30.1210968,8.59662838,-2.38,354.288,6.1834921,6.1834921,-0.166853476,-9.56,1.727345306,799.1382451
501.457872,50.5,39.8162891,30.1210932,8.595685768,-3.174,353.012,6.161221699,6.161221699,-0.222704013,-12.76,1.728843835,800.8670889
501.457872,50.6,39.8162891,30.1210932,8.601494789,-3.768,351.762,6.139405083,6.139405083,-0.218166156,-12.5,0,800.8670889
501.457872,50.7,39.8163046,30.121089,8.660234261,-4.844,350.582,6.118810198,6.118810198,-0.205948852,-11.8,1.760455706,802.6275446
501.457872,50.8,39.8163046,30.121089,8.718973732,-5.238,349.77,6.104638125,6.104638125,-0.141720735,-8.12,0,802.6275446
501.457872,50.9,39.8163201,30.1210842,8.768253899,-5.322,349.244,6.095457693,6.095457693,-0.091804319,-5.26,1.771608186,804.3991528
501.457872,51,39.8163201,30.1210842,8.813666344,-5.348,349.074,6.092490633,6.092490633,-0.029670597,-1.7,0,804.3991528
501.457872,51.1,39.816336,30.1210789,8.956001472,-5.332,349.122,6.093328391,6.093328391,0.00837758,0.48,1.825028607,806.2241814
501.457872,51.2,39.816336,30.1210789,9.045406151,-5.134,349.278,6.096051105,6.096051105,0.027227136,1.56,0,806.2241814
501.457872,51.3,39.816336,30.1210789,9.134810829,-5.026,349.436,6.098808725,6.098808725,0.027576202,1.58,0,806.2241814
501.457872,51.4,39.8163525,30.1210731,9.295179176,-5.26,349.54,6.100623867,6.100623867,0.018151424,1.04,1.900414964,808.1245964
501.457872,51.5,39.8163695,30.1210667,9.516111565,-5.47,349.614,6.101915411,6.101915411,0.012915436,0.74,1.967759182,810.0923556
501.457872,51.6,39.8163695,30.1210667,9.640121269,-5.716,349.632,6.10222957,6.10222957,0.003141593,0.18,0,810.0923556
501.457872,51.7,39.816387,30.1210596,9.842385101,-5.836,349.754,6.104358872,6.104358872,0.021293017,1.22,2.038208802,812.1305644
501.457872,51.8,39.816387,30.1210596,10.04464893,-5.706,349.958,6.107919344,6.107919344,0.035604717,2.04,0,812.1305644
501.457872,51.9,39.8164047,30.1210522,10.18449497,-5.362,350.112,6.110607151,6.110607151,0.02687807,1.54,2.067140904,814.1977053
501.457872,52,39.8164047,30.1210522,10.26377697,-4.978,350.116,6.110676964,6.110676964,0.000698132,0.04,0,814.1977053
501.457872,52.1,39.8164225,30.1210446,10.36551552,-4.702,349.742,6.104149433,6.104149433,-0.065275314,-3.74,2.082990308,816.2806956
501.457872,52.2,39.8164225,30.1210446,10.38899994,-4.46,348.996,6.091129276,6.091129276,-0.130201562,-7.46,0,816.2806956
501.457872,52.3,39.8164225,30.1210446,10.41248436,-4.742,347.846,6.07105799,6.07105799,-0.200712864,-11.5,0,816.2806956
501.457872,52.4,39.8164406,30.1210366,10.48202515,-5.272,346.582,6.048997028,6.048997028,-0.220609617,-12.64,2.125448365,818.406144
501.457872,52.5,39.8164586,30.1210279,10.54408417,-5.848,345.266,6.026028495,6.026028495,-0.22968533,-13.16,2.134987105,820.5411311
501.457872,52.6,39.8164586,30.1210279,10.58368664,-6.408,344.246,6.008226137,6.008226137,-0.178023584,-10.2,0,820.5411311
501.457872,52.7,39.8164763,30.1210184,10.60750122,-6.768,343.502,5.995240887,5.995240887,-0.129852496,-7.44,2.128839612,822.6699707
501.457872,52.8,39.8164763,30.1210184,10.6313158,-6.652,343.15,5.989097328,5.989097328,-0.06143559,-3.52,0,822.6699707
501.457872,52.9,39.8164934,30.1210085,10.53821392,-6.196,343.1,5.988224664,5.988224664,-0.008726646,-0.5,2.080960703,824.7509314
501.457872,53,39.8164934,30.1210085,10.4525938,-5.43,343.336,5.992343641,5.992343641,0.04118977,2.36,0,824.7509314
501.457872,53.1,39.8165099,30.1209984,10.31285553,-4.47,343.648,5.997789068,5.997789068,0.054454273,3.12,2.027390237,826.7783216
501.457872,53.2,39.8165099,30.1209984,10.18890514,-3.708,343.874,6.001733512,6.001733512,0.039444441,2.26,0,826.7783216
501.457872,53.3,39.8165099,30.1209984,10.06495476,-3.166,343.91,6.002361831,6.002361831,0.006283185,0.36,0,826.7783216
501.457872,53.4,39.8165258,30.1209886,9.939486504,-2.884,343.708,5.998836265,5.998836265,-0.035255651,-2.02,1.956118494,828.7344401
501.457872,53.5,39.8165411,30.1209788,9.741911697,-3.042,343.192,5.989830367,5.989830367,-0.090058989,-5.16,1.896032523,830.6304726
501.457872,53.6,39.8165411,30.1209788,9.598455048,-3.208,342.47,5.977229089,5.977229089,-0.126012772,-7.22,0,830.6304726
501.457872,53.7,39.8165557,30.1209691,9.402958298,-3.176,341.594,5.961940005,5.961940005,-0.152890842,-8.76,1.822616095,832.4530887
501.457872,53.8,39.8165557,30.1209691,9.207461548,-3.326,340.714,5.946581108,5.946581108,-0.153588974,-8.8,0,832.4530887
501.457872,53.9,39.8165696,30.1209592,9.018634987,-3.852,339.752,5.92979104,5.92979104,-0.167900674,-9.62,1.761776406,834.2148651
501.457872,54,39.8165696,30.1209592,8.901914978,-4.264,338.886,5.914676489,5.914676489,-0.151145513,-8.66,0,834.2148651
501.457872,54.1,39.8165828,30.1209492,8.711827278,-4.002,338.138,5.901621426,5.901621426,-0.130550628,-7.48,1.69818172,835.9130468
501.457872,54.2,39.8165828,30.1209492,8.573779678,-3.458,337.632,5.89279006,5.89279006,-0.08831366,-5.06,0,835.9130468
501.457872,54.3,39.8165828,30.1209492,8.435732079,-2.828,337.234,5.88584365,5.88584365,-0.069464104,-3.98,0,835.9130468
501.457872,54.4,39.8165951,30.1209393,8.257979012,-1.984,337.094,5.883400189,5.883400189,-0.02443461,-1.4,1.607962565,837.5210094
501.457872,54.5,39.8166065,30.1209297,7.983709335,-0.806,337.258,5.886262529,5.886262529,0.0286234,1.64,1.509681759,839.0306912
501.457872,54.6,39.8166065,30.1209297,7.78280735,-0.43,337.612,5.892440994,5.892440994,0.061784656,3.54,0,839.0306912
501.457872,54.7,39.8166171,30.1209205,7.51164484,-0.316,338.166,5.902110118,5.902110118,0.096691241,5.54,1.416570265,840.4472614
501.457872,54.8,39.8166171,30.1209205,7.24048233,0.06,338.896,5.914851022,5.914851022,0.127409035,7.3,0,840.4472614
501.457872,54.9,39.8166271,30.1209117,6.969532204,0.8,339.776,5.930209919,5.930209919,0.153588974,8.8,1.342135215,841.7893967
501.457872,55,39.8166271,30.1209117,6.795098686,1.282,340.612,5.944800872,5.944800872,0.145909525,8.36,0,841.7893967
501.457872,55.1,39.8166363,30.1209035,6.534443188,1.654,341.488,5.960089956,5.960089956,0.152890842,8.76,1.239760379,843.029157
501.457872,55.2,39.8166363,30.1209035,6.344048214,2.03,342.26,5.973563898,5.973563898,0.134739418,7.72,0,843.029157
501.457872,55.3,39.8166363,30.1209035,6.15365324,2.304,343.08,5.987875598,5.987875598,0.143116999,8.2,0,843.029157
501.457872,55.4,39.816645,30.1208957,6.012265015,2.646,343.842,6.001175007,6.001175007,0.132994089,7.62,1.174589079,844.2037461
501.457872,55.5,39.816653,30.1208884,5.783057213,3.292,344.724,6.016568811,6.016568811,0.15393804,8.82,1.086299321,845.2900454
501.457872,55.6,39.816653,30.1208884,5.640071392,4.094,345.628,6.032346587,6.032346587,0.157777764,9.04,0,845.2900454
501.457872,55.7,39.8166606,30.1208817,5.41609211,5.122,346.616,6.04959044,6.04959044,0.17243853,9.88,1.0205969,846.3106423
501.457872,55.8,39.8166606,30.1208817,5.192112827,6.194,347.456,6.064251206,6.064251206,0.146607657,8.4,0,846.3106423
501.457872,55.9,39.8166678,30.1208762,4.936344242,7.16,348.138,6.076154351,6.076154351,0.119031455,6.82,0.928239225,847.2388816
501.457872,56,39.8166678,30.1208762,4.768395233,7.584,348.516,6.082751696,6.082751696,0.065973446,3.78,0,847.2388816
501.457872,56.1,39.8166745,30.1208717,4.505243635,7.054,348.568,6.083659267,6.083659267,0.009075712,0.52,0.838301795,848.0771834
501.457872,56.2,39.8166745,30.1208717,4.323085499,5.542,348.354,6.079924262,6.079924262,-0.037350046,-2.14,0,848.0771834
501.457872,56.3,39.8166745,30.1208717,4.140927362,3.562,348.13,6.076014725,6.076014725,-0.039095375,-2.24,0,848.0771834
501.457872,56.4,39.8166804,30.1208672,3.985326624,1.49,347.994,6.073641077,6.073641077,-0.023736478,-1.36,0.760340458,848.8375238
501.457872,56.5,39.8166858,30.1208627,3.801568651,-0.16,348.062,6.074827901,6.074827901,0.011868239,0.68,0.712923015,849.5504468
501.457872,56.6,39.8166858,30.1208627,3.713013268,-0.706,348.37,6.080203515,6.080203515,0.053756141,3.08,0,849.5504468
501.457872,56.7,39.8166908,30.1208582,3.569575691,-0.3,348.888,6.089244321,6.089244321,0.090408055,5.18,0.675887317,850.2263341
501.457872,56.8,39.8166908,30.1208582,3.426138115,0.718,349.448,6.099018165,6.099018165,0.097738438,5.6,0,850.2263341
501.457872,56.9,39.8166955,30.1208542,3.300779486,2.04,350.02,6.109001448,6.109001448,0.099832833,5.72,0.62437281,850.850707
501.457872,57,39.8166955,30.1208542,3.203578091,3.234,350.482,6.117064869,6.117064869,0.080634211,4.62,0,850.850707
501.457872,57.1,39.8166999,30.1208507,3.046898985,4.074,350.858,6.123627307,6.123627307,0.06562438,3.76,0.573351581,851.4240585
501.457872,57.2,39.8166999,30.1208507,2.945102072,4.438,351.102,6.12788591,6.12788591,0.042586034,2.44,0,851.4240585
501.457872,57.3,39.8166999,30.1208507,2.843305159,4.422,351.31,6.131516195,6.131516195,0.036302848,2.08,0,851.4240585
501.457872,57.4,39.8167041,30.1208476,2.770259333,4.042,351.474,6.134378535,6.134378535,0.0286234,1.64,0.536849739,851.9609083
501.457872,57.5,39.8167081,30.1208447,2.671656847,3.51,351.678,6.137939007,6.137939007,0.035604717,2.04,0.509093934,852.4700022
501.457872,57.6,39.8167081,30.1208447,2.632532072,3.036,351.902,6.141848544,6.141848544,0.039095375,2.24,0,852.4700022
501.457872,57.7,39.8167121,30.1208421,2.59198637,2.542,352.144,6.146072241,6.146072241,0.042236968,2.42,0.497132302,852.9671345
501.457872,57.8,39.8167121,30.1208421,2.551440668,2.136,352.366,6.149946872,6.149946872,0.038746309,2.22,0,852.9671345
501.457872,57.9,39.8167161,30.1208396,2.502832508,1.79,352.596,6.153961129,6.153961129,0.040142573,2.3,0.4933764,853.4605109
501.457872,58,39.8167161,30.1208396,2.479781008,1.526,352.782,6.157207442,6.157207442,0.032463124,1.86,0,853.4605109
501.457872,58.1,39.8167199,30.1208373,2.435154676,1.426,352.97,6.160488661,6.160488661,0.03281219,1.88,0.465971158,853.9264821
501.457872,58.2,39.8167199,30.1208373,2.391949272,1.588,353.146,6.16356044,6.16356044,0.030717795,1.76,0,853.9264821
501.457872,58.3,39.8167199,30.1208373,2.348743868,1.936,353.314,6.166492593,6.166492593,0.029321531,1.68,0,853.9264821
501.457872,58.4,39.8167238,30.1208354,2.338813353,2.3,353.434,6.168586988,6.168586988,0.020943951,1.2,0.463027754,854.3895098
501.457872,58.5,39.8167276,30.1208335,2.307049084,2.482,353.506,6.169843626,6.169843626,0.012566371,0.72,0.452630289,854.8421401
501.457872,58.6,39.8167276,30.1208335,2.296859646,2.35,353.526,6.170192691,6.170192691,0.003490659,0.2,0,854.8421401
501.457872,58.7,39.8167312,30.1208318,2.25128603,1.756,353.542,6.170471944,6.170471944,0.002792527,0.16,0.425820244,855.2679604
501.457872,58.8,39.8167312,30.1208318,2.205712414,0.848,353.54,6.170437038,6.170437038,-0.000349066,-0.02,0,855.2679604
501.457872,58.9,39.8167346,30.1208302,2.144904995,-0.308,353.498,6.169703999,6.169703999,-0.007330383,-0.42,0.402002019,855.6699624
501.457872,59,39.8167346,30.1208302,2.10593133,-1.426,353.394,6.167888857,6.167888857,-0.018151424,-1.04,0,855.6699624
501.457872,59.1,39.8167382,30.1208284,2.11020236,-2.488,353.092,6.162617962,6.162617962,-0.052708943,-3.02,0.428807634,856.09877
501.457872,59.2,39.8167382,30.1208284,2.149857569,-3.372,352.606,6.154135662,6.154135662,-0.084823002,-4.86,0,856.09877
501.457872,59.3,39.8167382,30.1208284,2.189512777,-4.45,351.84,6.14076644,6.14076644,-0.133692221,-7.66,0,856.09877
501.457872,59.4,39.8167422,30.1208262,2.310419083,-5.558,350.914,6.124604691,6.124604691,-0.161617489,-9.26,0.482840399,856.5816104
501.457872,59.5,39.8167469,30.1208232,2.536816597,-6.81,349.814,6.10540607,6.10540607,-0.191986218,-11,0.582047281,857.1636577
501.457872,59.6,39.8167469,30.1208232,2.719969416,-7.784,348.732,6.086521607,6.086521607,-0.188844625,-10.82,0,857.1636577
501.457872,59.7,39.8167524,30.120819,3.066503334,-8.574,347.502,6.065054057,6.065054057,-0.214675498,-12.3,0.709011381,857.8726691
501.457872,59.8,39.8167524,30.120819,3.413037252,-9.138,346.34,6.044773331,6.044773331,-0.202807259,-11.62,0,857.8726691
501.457872,59.9,39.8167589,30.120813,3.857211685,-9.602,345.088,6.022921809,6.022921809,-0.218515222,-12.52,0.886000932,858.75867
501.457872,60,39.8167589,30.120813,4.195894909,-9.796,343.864,6.001558979,6.001558979,-0.2136283,-12.24,0,858.75867
501.457872,60.1,39.8167666,30.1208053,4.731375122,-10.002,342.558,5.978764979,5.978764979,-0.22794,-13.06,1.079618725,859.8382887
501.457872,60.2,39.8167666,30.1208053,5.103474236,-10.032,341.412,5.958763506,5.958763506,-0.200014732,-11.46,0,859.8382887
501.457872,60.3,39.8167666,30.1208053,5.475573349,-9.52,340.456,5.942078158,5.942078158,-0.166853476,-9.56,0,859.8382887
501.457872,60.4,39.816775,30.1207956,5.852652264,-8.362,340.016,5.934398709,5.934398709,-0.076794487,-4.4,1.248508765,861.0867975
501.457872,60.5,39.8167841,30.1207843,6.336512947,-5.94,340.388,5.940891334,5.940891334,0.064926248,3.72,1.398332958,862.4851304
501.457872,60.6,39.8167841,30.1207843,6.623576641,-2.712,341.548,5.961137154,5.961137154,0.202458193,11.6,0,862.4851304
501.457872,60.7,39.8167941,30.1207729,6.960777569,1.824,343.85,6.001314633,6.001314633,0.401774794,23.02,1.477983775,863.9631142
501.457872,60.8,39.8167941,30.1207729,7.297978497,7.126,346.96,6.055594373,6.055594373,0.542797397,31.1,0,863.9631142
501.457872,60.9,39.8168054,30.1207637,7.470803165,14.15,279.06,4.870515811,4.870515811,-11.85078562,-679,1.481962495,865.4450767
501.457872,61,39.8168054,30.1207637,7.536846066,21.434,211.292,3.687741083,3.687741083,-11.82774727,-677.68,0,865.4450767
501.457872,61.1,39.8168178,30.1207594,7.483398438,29.432,144.29,2.518335578,2.518335578,-11.69405505,-670.02,1.426889429,866.8719661
501.457872,61.2,39.8168178,30.1207594,7.379813576,36.902,77.266,1.3485461,1.3485461,-11.69789478,-670.24,0,866.8719661
501.457872,61.3,39.8168178,30.1207594,7.276228714,44.856,11.074,0.193277761,0.193277761,-11.55268338,-661.92,0,866.8719661
501.457872,61.4,39.8168301,30.1207615,7.206885529,51.91,16.932,0.295519149,0.295519149,1.022413876,58.58,1.379407781,868.2513739
501.457872,61.5,39.8168415,30.1207709,7.335332584,58.888,24.196,0.422299866,0.422299866,1.267807169,72.64,1.500471597,869.7518455
501.457872,61.6,39.8168415,30.1207709,7.583270168,64.688,31.54,0.550476846,0.550476846,1.281769803,73.44,0,869.7518455
501.457872,61.7,39.8168504,30.1207878,8.122534275,69.682,39.348,0.686752154,0.686752154,1.36275308,78.08,1.750080406,871.5019259
501.457872,61.8,39.8168504,30.1207878,8.661798382,72.984,46.356,0.809064828,0.809064828,1.22312674,70.08,0,871.5019259
501.457872,61.9,39.8168567,30.1208106,9.471421814,74.496,53.482,0.933436991,0.933436991,1.243721625,71.26,2.069481068,873.571407
501.457872,62,39.8168567,30.1208106,10.083255,73.714,59.734,1.042554975,1.042554975,1.091179848,62.52,0,873.571407
501.457872,62.1,39.8168593,30.1208391,11.15731144,70.004,67.016,1.169649852,1.169649852,1.270948761,72.82,2.451244845,876.0226518
501.457872,62.2,39.8168593,30.1208391,11.94004135,64.798,74.426,1.298978749,1.298978749,1.293288976,74.1,0,876.0226518
501.457872,62.3,39.8168593,30.1208391,12.72277126,58.074,83.08,1.450019543,1.450019543,1.510407935,86.54,0,876.0226518
501.457872,62.4,39.8168558,30.1208735,13.73646641,51.74,90.496,1.57945316,1.57945316,1.294336173,74.16,2.963709027,878.9863609
501.457872,62.5,39.8168462,30.1209119,15.10402126,46.186,96.326,1.681205855,1.681205855,1.017526954,58.3,3.449026771,882.4353876
501.457872,62.6,39.8168462,30.1209119,16.00935287,42.318,100.164,1.748191592,1.748191592,0.669857367,38.38,0,882.4353876
501.457872,62.7,39.8168329,30.1209526,17.22901707,39.56,102.512,1.789171923,1.789171923,0.409803308,23.48,3.777634197,886.2130218
501.457872,62.8,39.8168329,30.1209526,18.44868126,38.542,102.698,1.792418235,1.792418235,0.032463124,1.86,0,886.2130218
501.457872,62.9,39.8168173,30.1209956,19.34012108,37.902,102.586,1.790463466,1.790463466,-0.019547688,-1.12,4.061608177,890.27463
501.457872,63,39.8168173,30.1209956,19.87770119,37.214,102.778,1.793814499,1.793814499,0.033510322,1.92,0,890.27463
501.457872,63.1,39.8168007,30.12104,20.50653648,36.606,102.844,1.794966416,1.794966416,0.011519173,0.66,4.2175068,894.4921368
501.457872,63.2,39.8168007,30.12104,20.8210392,36.036,103.37,1.804146848,1.804146848,0.091804319,5.26,0,894.4921368
501.457872,63.3,39.8168007,30.12104,21.13554192,27.918,113.104,1.974037197,1.974037197,1.698903494,97.34,0,894.4921368
501.457872,63.4,39.816784,30.121086,21.33860397,17.874,126.678,2.21094819,2.21094819,2.369109927,135.74,4.345530241,898.8376671
501.457872,63.5,39.8167689,30.1211274,20.69246559,7.244,141.892,2.476482582,2.476482582,2.655343924,152.14,3.914310431,902.7519775
501.457872,63.6,39.8167689,30.1211274,19.95507202,-1.2,155.37,2.711718059,2.711718059,2.352354766,134.78,0,902.7519775
501.457872,63.7,39.8167568,30.1211584,18.16500797,-9.628,165.936,2.896129548,2.896129548,1.844114888,105.66,2.969909908,905.7218874
501.457872,63.8,39.8167568,30.1211584,16.37494392,-10.888,165.79,2.893581367,2.893581367,-0.025481807,-1.46,0,905.7218874
501.457872,63.9,39.8167468,30.12118,13.98028164,-10.322,159.68,2.78694175,2.78694175,-1.066396173,-61.1,2.154019174,907.8759066
501.457872,64,39.8167468,30.12118,12.43481979,-9.08,150.508,2.626860151,2.626860151,-1.60081599,-91.72,0,907.8759066
501.457872,64.1,39.8167393,30.1211977,10.56679764,-9.258,141.322,2.466534206,2.466534206,-1.603259451,-91.86,1.726504439,909.602411
501.457872,64.2,39.8167393,30.1211977,9.751445961,-9.116,133.626,2.332213666,2.332213666,-1.343205392,-76.96,0,909.602411
501.457872,64.3,39.8167336,30.1212128,8.581337261,-9.07,127.14,2.219011611,2.219011611,-1.132020553,-64.86,1.436996317,911.0394073
501.457872,64.4,39.8167336,30.1212128,7.904019928,-8.952,122.708,2.141658619,2.141658619,-0.773529924,-44.32,0,911.0394073
501.457872,64.5,39.8167297,30.121224,6.888997936,-8.912,120.618,2.105181237,2.105181237,-0.364773814,-20.9,1.050283787,912.0896911
501.457872,64.6,39.8167297,30.121224,6.196536255,-9.064,121.426,2.119283498,2.119283498,0.141022604,8.08,0,912.0896911
501.457872,64.7,39.8167269,30.1212312,5.013166332,-10.07,124.9,2.179916236,2.179916236,0.606327382,34.74,0.689266566,912.7789577
501.457872,64.8,39.8167269,30.1212312,4.184553432,-11.386,130.738,2.281808557,2.281808557,1.018923217,58.38,0,912.7789577
501.457872,64.9,39.8167249,30.1212343,3.241440988,-12.484,138.12,2.410648763,2.410648763,1.288402054,73.82,0.345772154,913.1247298
501.457872,65,39.8167249,30.1212343,2.636033201,-13.038,145.074,2.532018959,2.532018959,1.213701962,69.54,0,913.1247298
501.457872,65.1,39.8167227,30.1212357,1.957541728,-12.956,150.644,2.629233798,2.629233798,0.972148393,55.7,0.272287883,913.3970177
501.457872,65.2,39.8167227,30.1212357,1.769958496,-12.284,154.412,2.694997805,2.694997805,0.657640062,37.68,0,913.3970177
501.457872,65.3,39.8167211,30.121236,1.503492022,-11.292,156.124,2.724877841,2.724877841,0.298800368,17.12,0.179747468,913.5767652
501.457872,65.4,39.8167211,30.121236,1.351525092,-10.664,156.384,2.729415697,2.729415697,0.045378561,2.6,0,913.5767652
501.457872,65.5,39.8167207,30.1212357,1.02200827,-10.502,156.16,2.72550616,2.72550616,-0.039095375,-2.24,0.051330345,913.6280955
501.457872,65.6,39.8167207,30.1212357,0.765575135,-10.702,155.924,2.721387183,2.721387183,-0.04118977,-2.36,0,913.6280955
501.457872,65.7,39.8167213,30.121235,0.550324672,-10.86,155.736,2.718105964,2.718105964,-0.03281219,-1.88,0.089585201,913.7176807
501.457872,65.8,39.8167213,30.121235,0.413957453,-10.7,155.636,2.716360635,2.716360635,-0.017453293,-1,0,913.7176807
501.457872,65.9,39.8167217,30.1212342,0.246999601,-10.608,155.676,2.717058766,2.717058766,0.006981317,0.4,0.081528133,913.7992089
501.457872,66,39.8167217,30.1212342,0.257591641,-10.446,155.75,2.71835031,2.71835031,0.012915436,0.74,0,913.7992089
501.457872,66.1,39.8167221,30.1212334,0.285459942,-10.422,155.812,2.719432414,2.719432414,0.010821041,0.62,0.081528132,913.880737
501.457872,66.2,39.8167221,30.1212334,0.272145569,-10.334,155.856,2.720200359,2.720200359,0.007679449,0.44,0,913.880737
501.457872,66.3,39.816722,30.1212325,0.226892444,-10.28,155.9,2.720968304,2.720968304,0.007679449,0.44,0.077667704,913.9584047
501.457872,66.4,39.816722,30.1212325,0.212229952,-10.232,155.932,2.721526809,2.721526809,0.005585054,0.32,0,913.9584047
501.457872,66.5,39.8167222,30.1212314,0.279959863,-10.22,155.968,2.722155128,2.722155128,0.006283185,0.36,0.09654555,914.0549502
501.457872,66.6,39.8167222,30.1212314,0.330413514,-10.176,156.002,2.72274854,2.72274854,0.005934119,0.34,0,914.0549502
501.457872,66.7,39.8167228,30.1212303,0.326834142,-10.14,156.04,2.723411765,2.723411765,0.006632251,0.38,0.115228568,914.1701788
501.457872,66.8,39.8167228,30.1212303,0.355193523,-10.118,156.074,2.724005177,2.724005177,0.005934119,0.34,0,914.1701788
